Particle_no,Area,Convex area,Perimeter,Convex_Perimeter,Max_Feret,Min_Feret,Aspect_ratio,Feret_aspect_ratio,Circularity,Convexity,Solidity,Equi_diameter,Compactness,Fiber_length,Curl,Average_fiber_diameter,Fiber_elongation
0,337,542,156.853,91.7011,38.0789,21.6333,56.0713,0.568118,0.503605,0.584632,0.621771,20.7143,0.172129,42,0.90664,8.02381,0.191043
1,259,295,75.598,66.3358,25.6125,18.0278,61.5969,0.703866,0.739629,0.877481,0.877966,18.1595,0.569494,22,1.1642,11.7727,0.535124
2,46.5,52.5,29.5563,28.2827,11.4018,6.40312,27.2523,0.561591,0.730501,0.956908,0.885714,7.69452,0.6689,5,2.28035,9.3,1.86
3,5.5,5.5,10.2426,10.2426,4.47214,2.23607,11.0565,0.5,0.658793,1,1,2.64628,0.658793,5,0.894427,1.1,0.22
4,22,30,25.3137,23.0088,9.84886,5.09902,17.5213,0.517727,0.522211,0.908945,0.733333,5.29257,0.431441,9,1.09432,2.44444,0.271605
5,97.5,136.5,57.3553,47.8958,20.2485,9.84886,31.8147,0.4864,0.534097,0.835071,0.714286,11.1419,0.372449,19,1.06571,5.13158,0.270083
6,102.5,120.5,49.2132,45.3207,19.105,8.60233,34.9796,0.450266,0.627105,0.920905,0.850622,11.424,0.531827,15,1.27366,6.83333,0.455556
7,236.5,267.5,72.1838,66.793,26.2488,15.6205,54.777,0.595094,0.666161,0.925319,0.884112,17.3528,0.570377,19,1.38152,12.4474,0.655125
8,17.5,22,19.8995,18.2847,7,4.47214,18.9074,0.638877,0.657768,0.918852,0.795455,4.72035,0.555346,7,1,2.5,0.357143
9,36,43.5,28.1421,24.7532,8.544,7.07107,28.3423,0.827606,0.738329,0.879578,0.827586,6.77028,0.571213,7,1.22057,5.14286,0.734694
10,279.5,464,139.64,81.1916,27.8029,23.1948,63.9867,0.83426,0.532806,0.581437,0.602371,18.8645,0.180125,34,0.817732,8.22059,0.241782
11,73,84.5,39.799,36.32,14.7648,8,32.1965,0.541828,0.69541,0.912586,0.863905,9.64088,0.579147,9,1.64054,8.11111,0.901235
12,118,166,65.1127,49.0874,18.2483,12.53,42.1898,0.686638,0.615392,0.753884,0.710843,12.2573,0.349752,18,1.01379,6.55556,0.364198
13,60,66.5,33.3137,31.8559,12.1655,7.07107,31.8863,0.581238,0.74299,0.956238,0.902256,8.74039,0.679384,9,1.35173,6.66667,0.740741
14,6,6.5,10.8284,10.6503,4.47214,2.23607,12.0598,0.5,0.66472,0.983548,0.923077,2.76395,0.643029,4,1.11803,1.5,0.375
15,51.5,59.5,35.5563,33.8769,15.2971,6.08276,23.4817,0.397643,0.563911,0.952765,0.865546,8.09764,0.511897,16,0.956066,3.21875,0.201172
16,99,120.5,52.2843,49.0344,21.9317,8,29.595,0.364769,0.51742,0.937842,0.821577,11.2272,0.455096,18,1.21843,5.5,0.305556
17,24.5,29,22.7279,21.1263,8.06226,4.24264,21.5642,0.526235,0.689811,0.929529,0.844828,5.58519,0.596014,5,1.61245,4.9,0.98
18,25,37.5,28.1421,24.3095,9.48683,5.09902,19.6714,0.537484,0.531614,0.863813,0.666667,5.6419,0.396676,11,0.862439,2.27273,0.206612
19,20,21.5,18.4853,18.0552,7.28011,4.12311,19.4956,0.566352,0.770966,0.976734,0.930233,5.04627,0.735509,7,1.04002,2.85714,0.408163
20,127.5,165,60.1838,49.2743,18.0278,12.2066,45.1101,0.677098,0.659901,0.818731,0.772727,12.7412,0.442345,17,1.06046,7.5,0.441176
21,25.5,28.5,21.8995,20.4628,7.61577,5.83095,23.4194,0.765641,0.765276,0.934398,0.894737,5.69804,0.668162,6,1.2693,4.25,0.708333
22,32,38,25.3137,23.3006,8.94427,6.32456,24.7398,0.707107,0.740674,0.920472,0.842105,6.38308,0.62755,6,1.49071,5.33333,0.888889
23,178.5,218,82.5269,70.495,31.0644,10.198,37.4643,0.328286,0.451369,0.854206,0.818807,15.0756,0.329349,32,0.970764,5.57813,0.174316
24,496,572,116.711,94.6818,38.8973,20.5183,74.2717,0.527499,0.695279,0.811252,0.867133,25.1302,0.457583,37,1.05128,13.4054,0.362308
25,169,199.5,71.598,59.4258,25.4951,10.4403,41.8396,0.409503,0.601377,0.829993,0.847118,14.6689,0.414281,27,0.944263,6.25926,0.231824
26,81,96,40.6274,36.9389,13.6015,9.48683,37.2425,0.697486,0.745981,0.909211,0.84375,10.1554,0.616675,9,1.51127,9,1
27,135,182.5,61.4558,56.2258,22.3607,10.198,38.7337,0.45607,0.536627,0.914898,0.739726,13.1106,0.449177,22,1.01639,6.13636,0.278926
28,25.5,47,34.3848,27.3247,10.2956,5.83095,20.2333,0.566352,0.429181,0.794673,0.542553,5.69804,0.27103,10,1.02956,2.55,0.255
29,156.5,236,88.3259,60.8475,22.0907,15.1327,44.5,0.685027,0.531176,0.688898,0.663136,14.116,0.252086,22,1.00412,7.11364,0.323347
30,195.5,320.5,104.811,71.2196,28.6531,17.8885,44.6407,0.624314,0.484349,0.679503,0.609984,15.7771,0.223636,32,0.895409,6.10938,0.190918
31,329,424,106.426,94.0311,41.3038,16.4012,49.0047,0.397088,0.467588,0.883531,0.775943,20.4669,0.365012,43,0.960552,7.65116,0.177934
32,183,201,62.2843,57.1145,23.3452,12.0416,47.883,0.515805,0.704965,0.916998,0.910448,15.2644,0.592795,18,1.29696,10.1667,0.564815
33,7.5,8.5,12.2426,11.8863,4.47214,3.60555,14.0698,0.806226,0.667074,0.970898,0.882353,3.09019,0.628812,4,1.11803,1.875,0.46875
34,274.5,411,135.095,116.26,55.4437,9.84886,32.4423,0.177637,0.255205,0.86058,0.667883,18.695,0.189004,44,1.26008,6.23864,0.141787
35,197.5,236.5,67.3553,58.7067,22.8035,14.3178,52.8215,0.627878,0.720115,0.871597,0.835095,15.8576,0.547057,16,1.42522,12.3438,0.771484
36,213,291,79.598,64.7528,24.4131,18.2483,53.3309,0.747479,0.638371,0.813498,0.731959,16.4682,0.42246,25,0.976524,8.52,0.3408
37,187,215.5,66.2843,57.849,23.8537,13.0384,48.5166,0.546598,0.702199,0.872741,0.867749,15.4304,0.534848,18,1.32521,10.3889,0.57716
38,261.5,438.5,120.125,82.1373,30.5287,21.6333,54.2949,0.708623,0.48708,0.683766,0.596351,18.247,0.227728,35,0.872248,7.47143,0.213469
39,1528,2521.5,430.701,221.96,98.4073,34.0588,92.1788,0.3461,0.38975,0.515345,0.605988,44.1079,0.10351,92,1.06964,16.6087,0.180529
40,134,230,90.9117,58.4956,19.9249,17.4929,45.8257,0.877941,0.492116,0.643434,0.582609,13.0619,0.203739,27,0.737958,4.96296,0.183813
41,108.5,121,45.2132,41.517,15.2971,10.7703,43.8461,0.704078,0.791019,0.91825,0.896694,11.7536,0.666974,12,1.27475,9.04167,0.753472
42,110,139,53.9411,48.2032,19.4165,11.6619,35.5727,0.600619,0.594909,0.893627,0.791367,11.8345,0.475075,19,1.02192,5.78947,0.304709
43,1442.5,4477.5,587.37,338.457,154.052,64.3817,58.1089,0.417922,0.158241,0.576224,0.322166,42.8561,0.0525415,162,0.950938,8.90432,0.0549649
44,56.5,76,43.2132,34.4679,13.8924,7.61577,28.114,0.548195,0.597624,0.797625,0.743421,8.48163,0.380212,13,1.06865,4.34615,0.33432
45,191,265,92.9117,66.192,26.4197,15.8114,46.5543,0.59847,0.547813,0.712419,0.720755,15.5945,0.278037,28,0.94356,6.82143,0.243622
46,107.5,131.5,52.0416,47.2372,19.105,10.0499,35.8949,0.526035,0.60541,0.907681,0.81749,11.6993,0.498789,20,0.955249,5.375,0.26875
47,36.5,40,25.5563,24.7055,9.84886,5.65685,24.7359,0.574367,0.751478,0.966706,0.9125,6.81713,0.702272,7,1.40698,5.21429,0.744898
48,104,139.5,61.1127,45.4422,17.2047,11.0454,39.8271,0.641999,0.632884,0.743581,0.74552,11.5073,0.349929,20,0.860233,5.2,0.26
49,77.5,135,63.3553,47.246,16.7631,14.2127,33.052,0.847857,0.436296,0.745731,0.574074,9.93358,0.24263,20,0.838153,3.875,0.19375
50,147.5,224,96.669,56.5508,21.4709,14.8661,46.6929,0.692382,0.579595,0.584994,0.658482,13.7041,0.198348,31,0.69261,4.75806,0.153486
51,209.5,419,123.439,83.5087,34.8855,19.8494,38.9774,0.568988,0.377512,0.67652,0.5,16.3323,0.172779,33,1.05714,6.34848,0.192378
52,48,57.5,32.9706,29.6192,11.1803,7.81025,28.9196,0.69857,0.687548,0.898354,0.834783,7.81764,0.554879,9,1.24226,5.33333,0.592593
53,137.5,234,100.468,57.5674,21.6333,15.1327,42.3749,0.699511,0.521386,0.572992,0.587607,13.2314,0.171181,25,0.865332,5.5,0.22
54,60.5,85,44.8701,34.0488,12.2066,9.43398,33.0539,0.772862,0.655786,0.758831,0.711765,8.77673,0.377617,13,0.938966,4.65385,0.357988
55,67.5,76,37.5563,34.616,13.6015,7.07107,31.1621,0.519875,0.70788,0.921709,0.888158,9.27058,0.601377,13,1.04627,5.19231,0.399408
56,1102,1550.5,215.966,155.46,56.5155,33.5261,113.955,0.59322,0.573,0.719837,0.710738,37.4581,0.296909,67,0.843515,16.4478,0.245489
57,59,80,40.2843,35.1503,13.3417,8.60233,29.324,0.644772,0.600071,0.872558,0.7375,8.66724,0.456868,11,1.21288,5.36364,0.487603
58,280,331.5,82.5685,67.9407,24.3516,19.2354,69.3971,0.789903,0.762268,0.82284,0.844646,18.8814,0.516106,26,0.9366,10.7692,0.414201
59,63.5,70.5,34.3848,32.8956,13.3417,7.61577,30.2888,0.570826,0.737408,0.956691,0.900709,8.9917,0.674918,1,13.3417,63.5,63.5
60,29.5,33,23.8995,22.5366,8.94427,5.38516,23.0539,0.60208,0.729884,0.942975,0.893939,6.12867,0.649015,6,1.49071,4.91667,0.819444
61,140,199,90.0833,61.8032,27.1662,9.84886,35.0033,0.362541,0.460592,0.686067,0.703518,13.3512,0.216795,25,1.08665,5.6,0.224
62,9.5,13,17.5563,15.6569,6.40312,2.82843,12.6364,0.441726,0.486995,0.891806,0.730769,3.4779,0.387316,5,1.28062,1.9,0.38
63,50.5,64.5,35.2132,31.8586,12.1655,8.06226,27.6554,0.662714,0.625242,0.904734,0.782946,8.01864,0.511788,12,1.01379,4.20833,0.350694
64,86.5,113,54.8701,48.3698,21.095,7.28011,27.6141,0.34511,0.464598,0.881534,0.765487,10.4945,0.36104,20,1.05475,4.325,0.21625
65,80.5,91.5,38.8701,35.0255,12.3693,10,40.1959,0.808452,0.824589,0.901092,0.879781,10.124,0.669538,9,1.37437,8.94444,0.993827
66,6.5,11.5,17.0711,14.5373,5.83095,3,12.0691,0.514496,0.386505,0.851576,0.565217,2.87681,0.280286,5,1.16619,1.3,0.26
67,22,25.5,21.3137,20.6018,8.24621,5,19.2445,0.606339,0.651361,0.966599,0.862745,5.29257,0.608576,7,1.17803,3.14286,0.44898
68,109.5,115.5,40.3848,39.5382,13.4164,12.0416,49.7048,0.897527,0.880216,0.979038,0.948052,11.8076,0.843701,3,4.47214,36.5,12.1667
69,373.5,455.5,119.64,105.264,49.0408,13.0384,46.8368,0.265869,0.423585,0.879842,0.819978,21.8072,0.327907,45,1.0898,8.3,0.184444
70,207,243.5,77.2548,61.9569,24.7386,12.3693,51.7094,0.5,0.677642,0.801981,0.850103,16.2345,0.435842,25,0.989545,8.28,0.3312
71,210.5,317,97.0122,77.6032,32.311,13.6015,42.2635,0.420955,0.439241,0.799932,0.664038,16.3712,0.281067,29,1.11417,7.25862,0.250297
72,5,5,8.82843,8.82843,3.16228,2.23607,13.2096,0.707107,0.806145,1,1,2.52313,0.806145,3,1.05409,1.66667,0.555556
73,73.5,132.5,64.1838,45.9153,18.0278,9.43398,29.0194,0.523303,0.438109,0.715372,0.554717,9.67384,0.224206,17,1.06046,4.32353,0.254325
74,122,248,106.711,64.6902,26.4197,12.083,33,0.45735,0.366347,0.60622,0.491935,12.4634,0.134634,32,0.825615,3.8125,0.119141
75,12,12.5,14.4853,14.3071,5.83095,3.16228,15.2872,0.542326,0.736692,0.987702,0.96,3.90882,0.718683,4,1.45774,3,0.75
76,25,32,25.3137,23.6662,9.21954,5,19.9164,0.542326,0.560909,0.934917,0.78125,5.6419,0.490273,8,1.15244,3.125,0.390625
77,74.5,85,38.0416,35.1302,12.8062,8.94427,35.0725,0.69843,0.758587,0.923467,0.876471,9.73942,0.646916,12,1.06719,6.20833,0.517361
78,29.5,35,25.5563,23.0647,9.21954,5.09902,22.2276,0.553066,0.696848,0.902502,0.842857,6.12867,0.567589,7,1.31708,4.21429,0.602041
79,140.5,177.5,66.5269,51.7079,19.4165,13.0384,45.9973,0.671512,0.660347,0.777248,0.791549,13.375,0.398925,21,0.924595,6.69048,0.318594
80,77,105.5,48.2843,41.1435,16.6433,10,30.4388,0.600842,0.571608,0.85211,0.729858,9.90149,0.415039,12,1.38694,6.41667,0.534722
81,310.5,357,87.4975,75.5885,31.3847,14.4222,59.4383,0.45953,0.682904,0.863894,0.869748,19.8832,0.50966,27,1.1624,11.5,0.425926
82,88,108.5,44.6274,39.3028,15.2315,10.0499,36.479,0.659807,0.715888,0.880688,0.81106,10.5851,0.555251,7,2.17594,12.5714,1.79592
83,284,374.5,112.225,81.7688,35.8469,13.9284,49.6395,0.388552,0.533768,0.728613,0.758344,19.0158,0.283365,33,1.08627,8.60606,0.26079
84,408,594,152.167,94.7045,38.2753,21.4009,64.3617,0.559131,0.571648,0.622374,0.686869,22.7921,0.221428,41,0.933544,9.95122,0.242713
85,194.5,246,75.8406,66.4198,28.6531,13.1529,42.3051,0.459041,0.554032,0.875781,0.79065,15.7367,0.424938,24,1.19388,8.10417,0.337674
86,32.5,40.5,29.5563,27.659,12.083,6.32456,19.6262,0.523424,0.533849,0.935807,0.802469,6.43275,0.467511,11,1.09846,2.95455,0.268595
87,139,152.5,50.9706,47.3673,18.3576,12.6491,47.0946,0.689041,0.778517,0.929306,0.911475,13.3034,0.672335,13,1.41212,10.6923,0.822485
88,5,6.5,10.8284,10.3983,4.24264,2.23607,11.5556,0.527046,0.581101,0.960282,0.769231,2.52313,0.535857,4,1.06066,1.25,0.3125
89,161,263,93.7401,62.2769,23.4094,14.1421,44.4453,0.604122,0.521653,0.664357,0.612167,14.3175,0.230242,24,0.975392,6.70833,0.279514
90,186,211.5,71.9411,64.0699,27.6586,10.0499,42.1105,0.363354,0.569396,0.890589,0.879433,15.389,0.451615,25,1.10635,7.44,0.2976
91,25,28.5,23.3137,21.6766,8.94427,5,20.2416,0.559017,0.668601,0.92978,0.877193,5.6419,0.577999,9,0.993808,2.77778,0.308642
92,373,696,168.853,107.953,41.8808,24.5967,57.0171,0.587304,0.402208,0.639331,0.53592,21.7926,0.1644,50,0.837616,7.46,0.1492
93,51,66.5,39.799,33.3283,13.3417,6.08276,26.7603,0.455922,0.576971,0.837415,0.766917,8.05824,0.404609,14,0.952976,3.64286,0.260204
94,173.5,248.5,71.4975,61.7093,22.8254,14.3178,47.1282,0.627275,0.572542,0.863098,0.698189,14.8629,0.426509,21,1.08692,8.2619,0.393424
95,109,128.5,52.6274,48.3707,21.2603,8.60233,33.4996,0.404619,0.585424,0.919117,0.848249,11.7806,0.494552,18,1.18113,6.05556,0.33642
96,144,231.5,92.4264,68.3166,31.0644,12.0416,32.1997,0.387633,0.387722,0.739146,0.62203,13.5406,0.211826,26,1.19479,5.53846,0.213018
97,59,90,48.2843,37.3701,14.5602,10,28.8783,0.686803,0.530901,0.77396,0.655556,8.66724,0.318017,14,1.04002,4.21429,0.30102
98,3,3.5,10.8284,10.6503,5,2.23607,8.25152,0.447214,0.33236,0.983548,0.857143,1.95441,0.321514,6,0.833333,0.5,0.0833333
99,9,12.5,16.4853,15.74,7.07107,2.82843,11.5833,0.4,0.456502,0.954791,0.72,3.38514,0.416159,7,1.01015,1.28571,0.183673
100,485,609.5,129.196,93.3779,35.8469,21.2603,80.0339,0.593086,0.698978,0.722762,0.795734,24.85,0.365135,34,1.05432,14.2647,0.41955
101,604.5,1048.5,217.865,131.401,47.1699,38.2099,75.3083,0.810049,0.439953,0.603132,0.576538,27.743,0.160041,50,0.943398,12.09,0.2418
102,822,1288,206.794,145.378,56.0357,38.8973,87.8322,0.694152,0.488747,0.703009,0.638199,32.3512,0.241549,59,0.949758,13.9322,0.236139
103,224,304.5,101.882,64.6853,22.8473,17.0294,60.7354,0.745356,0.672739,0.634903,0.735632,16.888,0.271182,22,1.03851,10.1818,0.46281
104,160.5,270.5,111.782,62.0054,22.0907,16.1555,47.4467,0.731325,0.524597,0.554701,0.593346,14.2953,0.161415,24,0.920447,6.6875,0.278646
105,184.5,427,176.066,77.7158,29.4109,20,43.9704,0.68002,0.383873,0.441402,0.432084,15.3269,0.074792,38,0.773971,4.85526,0.12777
106,15.5,16.5,17.0711,16.8191,7.07107,3,16.3514,0.424264,0.688548,0.985242,0.939394,4.44243,0.668375,6,1.17851,2.58333,0.430556
107,96.5,115.5,50.8701,41.0715,16.2788,10.6301,38.9168,0.653005,0.71888,0.80738,0.835498,11.0846,0.468611,16,1.01743,6.03125,0.376953
108,84.5,150,80.669,58.9166,27.0185,7.61577,22.5687,0.281872,0.305909,0.730349,0.563333,10.3725,0.163175,24,1.12577,3.52083,0.146701
109,60,77,38.9706,33.8202,13.0384,8.94427,30.8029,0.685994,0.659188,0.867839,0.779221,8.74039,0.496464,12,1.08653,5,0.416667
110,26,38.5,30.9706,26.0581,11.0454,5.38516,18.2779,0.48755,0.48117,0.841382,0.675325,5.75363,0.340632,12,0.920447,2.16667,0.180556
111,388,463,116.225,105.226,47.5079,12.083,49.6387,0.254338,0.440347,0.905362,0.838013,22.2265,0.360944,40,1.1877,9.7,0.2425
112,22.5,27.5,22.7279,20.1488,7.2111,5.38516,22.2835,0.746788,0.69646,0.88652,0.818182,5.35237,0.54736,7,1.03016,3.21429,0.459184
113,411.5,550.5,121.296,94.5712,36.2215,21.095,68.6419,0.582389,0.578179,0.77967,0.747502,22.8897,0.351466,36,1.00615,11.4306,0.317515
114,60.5,71.5,35.5563,32.7156,12.1655,7.81025,31.7541,0.641999,0.710321,0.920107,0.846154,8.77673,0.601355,8,1.52069,7.5625,0.945313
115,38,42,25.3137,24.075,8.60233,6.7082,28.7002,0.779813,0.823877,0.951064,0.904762,6.9558,0.745216,3,2.86744,12.6667,4.22222
116,174.5,224,75.3553,58.9295,24.3516,12.083,45.4296,0.496191,0.631452,0.782021,0.779018,14.9057,0.386169,20,1.21758,8.725,0.43625
117,246,374,108.569,77.2971,32.0156,17.8045,48.8175,0.556119,0.517391,0.711966,0.657754,17.6979,0.262263,26,1.23137,9.46154,0.363905
118,15,15,15.6569,15.6569,6.08276,3.16228,17.841,0.519875,0.768939,1,1,4.37019,0.768939,3,2.02759,5,1.66667
119,142,175,61.9411,54.3027,22.8035,11.4018,39.2952,0.5,0.605139,0.876683,0.811429,13.4462,0.465093,16,1.42522,8.875,0.554688
120,2.5,2.5,7.41421,7.41421,3.16228,1,9.24891,0.316228,0.571505,1,1,1.78412,0.571505,4,0.790569,0.625,0.15625
121,245.5,302.5,79.4975,66.3536,24.1868,17.4642,61.3804,0.722058,0.7007,0.834663,0.81157,17.6799,0.488152,26,0.930261,9.44231,0.363166
122,260.5,569.5,132.953,97.889,39.0512,25.1794,43.6101,0.644777,0.341625,0.736266,0.457419,18.2121,0.185191,47,0.830878,5.54255,0.117927
123,186.5,201,57.3553,53.6851,19.3132,12.0416,57.2962,0.62349,0.813168,0.936009,0.927861,15.4097,0.712428,5,3.86264,37.3,7.46
124,24.5,29.5,22.7279,21.3203,8.544,4.47214,20.4797,0.523424,0.677311,0.938068,0.830508,5.58519,0.596014,5,1.7088,4.9,0.98
125,612.5,1054,239.865,151.622,68.6222,21.095,56.2126,0.307408,0.334803,0.632116,0.58112,27.926,0.133777,66,1.03973,9.2803,0.140611
126,87,122.5,55.9411,44.2949,18.0278,9.48683,32.0437,0.526235,0.557213,0.791813,0.710204,10.5248,0.349355,12,1.50231,7.25,0.604167
127,68.5,75,36.3848,33.0219,12.6491,8.06226,34.4217,0.637377,0.789398,0.907575,0.913333,9.339,0.650221,9,1.40546,7.61111,0.845679
128,59,93.5,56.6274,51.2863,22.8473,6,19.6282,0.262613,0.281876,0.905681,0.631016,8.66724,0.231211,24,0.951972,2.45833,0.102431
129,20.5,33,31.5563,27.2576,12.083,4.12311,14.5063,0.341231,0.346728,0.863775,0.621212,5.10895,0.258696,1,12.083,20.5,20.5
130,145,187,64.7696,50.1957,17.4929,14.8661,51.4639,0.849837,0.723178,0.774989,0.775401,13.5875,0.434346,21,0.832993,6.90476,0.328798
131,116,144,61.598,54.0244,24.0416,8.48528,31.6777,0.352941,0.499446,0.877048,0.805556,12.153,0.38418,19,1.26535,6.10526,0.32133
132,170,214.5,63.9411,55.1821,20.6155,12.6491,50.1607,0.613572,0.701556,0.863014,0.792541,14.7123,0.522514,20,1.03078,8.5,0.425
133,47,55,30.9706,28.425,10.198,7.81025,29.6569,0.765858,0.73098,0.917808,0.854545,7.73578,0.615757,9,1.13312,5.22222,0.580247
134,557,825,166.652,114.332,45.3542,26.2488,74.0476,0.578752,0.535459,0.686056,0.675152,26.6307,0.252026,46,0.98596,12.1087,0.263233
135,347.5,619.5,161.581,96.868,37.2156,22.0227,59.8576,0.591761,0.465376,0.599502,0.560936,21.0345,0.167257,42,0.886085,8.27381,0.196995
136,229.5,288,78.5269,66.4382,26.5707,15.0333,53.5849,0.565786,0.653367,0.846056,0.796875,17.0941,0.467687,28,0.948952,8.19643,0.29273
137,555.5,895,220.35,127.799,55.7136,22.2036,62.7683,0.398531,0.427403,0.579982,0.62067,26.5948,0.143769,51,1.09242,10.8922,0.213572
138,28,31,22.4853,21.8138,8.544,5.09902,22.8201,0.596795,0.739444,0.970137,0.903226,5.97082,0.695939,5,1.7088,5.6,1.12
139,6.5,6.5,10.2426,10.2426,4.12311,2.23607,12.8723,0.542326,0.778573,1,1,2.87681,0.778573,2,2.06155,3.25,1.625
140,128.5,202.5,87.1543,55.4547,20.0998,15,42.8411,0.746278,0.525094,0.636281,0.634568,12.7911,0.212586,25,0.80399,5.14,0.2056
141,100.5,113.5,48.8701,45.4208,19.7231,7.61577,32.8044,0.386135,0.612162,0.92942,0.885463,11.312,0.528799,16,1.23269,6.28125,0.392578
142,153,171,54.6274,49.5853,18.7883,11,50.135,0.585471,0.781981,0.907699,0.894737,13.9573,0.644288,8,2.34854,19.125,2.39063
143,13,16,16.4853,15.153,5.38516,4,18.0997,0.742781,0.711471,0.919183,0.8125,4.06843,0.601119,4,1.34629,3.25,0.8125
144,112,121,44.6274,42.3803,16.6433,10.6301,41.1079,0.638704,0.783609,0.949648,0.92562,11.9416,0.706683,1,16.6433,112,112
145,57.5,138,75.8406,46.076,17,13.0384,27.7806,0.766965,0.340352,0.607537,0.416667,8.55636,0.125624,20,0.85,2.875,0.14375
146,516.5,888.5,214.35,115.894,44.7772,26.9258,57.8097,0.601329,0.483235,0.540676,0.581317,25.6443,0.141264,54,0.829208,9.56481,0.177126
147,242,283.5,81.2548,69.9728,29.8329,13.3417,49.3363,0.447214,0.621108,0.861152,0.853616,17.5535,0.460603,27,1.10492,8.96296,0.331962
148,302.5,352,92.5269,82.3785,34.9285,12.3693,53.1109,0.354133,0.560154,0.890319,0.859375,19.6254,0.444016,30,1.16428,10.0833,0.336111
149,104,141,63.2548,50.7553,21.1896,9,31.9472,0.424736,0.507318,0.802394,0.737589,11.5073,0.32663,17,1.24645,6.11765,0.359862
150,266.5,397.5,134.125,93.4592,41.1096,12.1655,42.4423,0.295929,0.383409,0.696807,0.67044,18.4206,0.186161,44,0.934309,6.05682,0.137655
151,72,101.5,47.1127,42.2355,18.3576,7.81025,26.4544,0.425451,0.507208,0.896479,0.70936,9.57461,0.40763,15,1.22384,4.8,0.32
152,63.5,81.5,41.2132,35.5359,14.3178,8.06226,29.3801,0.563093,0.631899,0.862247,0.779141,8.9917,0.469798,12,1.19315,5.29167,0.440972
153,227.5,583,182.066,108.216,45,16.4924,34.3996,0.366498,0.244125,0.594375,0.390223,17.0195,0.0862449,47,0.957447,4.84043,0.102988
154,103.5,114.5,43.2132,41.4226,16.4012,9.43398,39.043,0.5752,0.758009,0.958565,0.90393,11.4796,0.696494,8,2.05015,12.9375,1.61719
155,35.5,45,28.7279,25.2948,8.60233,7.28011,28.0739,0.846296,0.697227,0.880497,0.788889,6.72309,0.540542,9,0.955814,3.94444,0.438272
156,456.5,813,180.894,117.398,48.0833,27.2029,59.5082,0.565747,0.416228,0.648985,0.561501,24.1088,0.175307,52,0.924678,8.77885,0.168824
157,52.5,62.5,33.5563,30.4525,11.4018,7.2111,30.1613,0.632456,0.711414,0.907504,0.84,8.17588,0.585895,10,1.14018,5.25,0.525
158,248,328,104.711,68.0136,22.6716,20.2237,66.391,0.892031,0.673705,0.649538,0.756098,17.7697,0.284236,26,0.871983,9.53846,0.366864
159,346,413,96.0833,80.1695,30.5941,21.4709,67.7532,0.701799,0.676499,0.834376,0.837772,20.9891,0.470967,25,1.22376,13.84,0.5536
160,51,57.5,30.1421,29.0871,11.0454,7,29.7024,0.63375,0.757494,0.964998,0.886957,8.05824,0.705394,8,1.38067,6.375,0.796875
161,5.5,9,13.8995,12.528,5.09902,3,10.8358,0.588348,0.44036,0.901329,0.611111,2.64628,0.357746,5,1.0198,1.1,0.22
162,107,186,75.2548,54.4105,20.5913,15,35.8465,0.728464,0.45418,0.723017,0.575269,11.672,0.237424,25,0.82365,4.28,0.1712
163,82.5,87.5,37.2132,35.8393,13.9284,8.60233,36.8818,0.617611,0.807135,0.963079,0.942857,10.249,0.748634,7,1.98977,11.7857,1.68367
164,102,111,44.2843,40.8803,15.8114,9.43398,39.5425,0.596657,0.766975,0.923134,0.918919,11.3961,0.653598,9,1.75682,11.3333,1.25926
165,333,401.5,99.7401,75.0836,27.2029,19.9249,71.2459,0.732452,0.742273,0.752793,0.82939,20.591,0.420644,25,1.08812,13.32,0.5328
166,21.5,23,19.0711,18.5366,7,4,22.1179,0.571429,0.786297,0.971977,0.934783,5.23208,0.742845,3,2.33333,7.16667,2.38889
167,104.5,122.5,46.8701,42.1502,16.1245,11.4018,40.7907,0.707107,0.73914,0.899299,0.853061,11.5349,0.597771,12,1.34371,8.70833,0.725694
168,242,331,91.7401,77.2663,32.249,15,46.7821,0.46513,0.509384,0.84223,0.731118,17.5535,0.361332,24,1.34371,10.0833,0.420139
169,58,66,34.9706,32.7755,13.0384,7.07107,29.5317,0.542326,0.678485,0.93723,0.878788,8.59348,0.595981,11,1.18531,5.27273,0.479339
170,11,17.5,22.1421,18.1942,8.06226,3.16228,12.1486,0.392232,0.417578,0.821699,0.628571,3.74241,0.281944,8,1.00778,1.375,0.171875
171,7.5,8.5,12.2426,11.8863,5,2.82843,12.8333,0.565685,0.667074,0.970898,0.882353,3.09019,0.628812,5,1,1.5,0.3
172,32.5,39.5,29.5563,27.5471,12.2066,4.47214,19.2729,0.366372,0.538197,0.93202,0.822785,6.43275,0.467511,10,1.22066,3.25,0.325
173,6.5,7.5,11.0711,10.2426,3.60555,2.82843,14.3478,0.784465,0.778573,0.925172,0.866667,2.87681,0.666414,3,1.20185,2.16667,0.722222
174,146.5,172,58.5269,52.6085,17.72,16,50.7137,0.902932,0.665176,0.898876,0.851744,13.6576,0.537448,18,0.984447,8.13889,0.45216
175,111,120,44.9706,41.0647,15.6525,10.0499,44.3174,0.642063,0.827173,0.913145,0.925,11.8882,0.689725,7,2.23607,15.8571,2.26531
176,19.5,25.5,26.7279,24.8865,11.6619,4.12311,14.3834,0.353553,0.395655,0.931105,0.764706,4.98279,0.343016,11,1.06017,1.77273,0.161157
177,88,132,60.7696,47.5285,20.1246,9.21954,30.0654,0.458123,0.489535,0.782111,0.666667,10.5851,0.299447,20,1.00623,4.4,0.22
178,26,29.5,22.1421,21.2979,7.61577,5.65685,22.9747,0.742781,0.720297,0.96187,0.881356,5.75363,0.666414,6,1.2693,4.33333,0.722222
180,3,3,6.82843,6.82843,2.23607,2,11.8989,0.894427,0.808518,1,1,1.95441,0.808518,2,1.11803,1.5,0.75
181,6,6,9.65685,9.65685,3.60555,2.23607,13.1542,0.620174,0.808518,1,1,2.76395,0.808518,3,1.20185,2,0.666667
182,6.5,7,10.2426,10.0645,3.60555,2.82843,14.3478,0.784465,0.806379,0.982607,0.928571,2.87681,0.778573,2,1.80278,3.25,1.625
183,16,18,19.6569,19.2136,8.06226,3.16228,15.7932,0.392232,0.544644,0.97745,0.888889,4.51352,0.520357,8,1.00778,2,0.25
184,33.5,40,29.5563,28.5658,12.8062,4.24264,19.1359,0.331295,0.515897,0.966485,0.8375,6.53097,0.481896,10,1.28062,3.35,0.335
185,9.5,9.5,12.2426,12.2426,5,3.16228,14.6667,0.632456,0.796495,1,1,3.4779,0.796495,3,1.66667,3.16667,1.05556
186,28,39,27.799,24.3653,9.48683,6.32456,21.5302,0.666667,0.592685,0.876482,0.717949,5.97082,0.455313,8,1.18585,3.5,0.4375
187,54.5,60,30.7279,28.9547,10.198,8.06226,33.8847,0.790569,0.816896,0.942294,0.908333,8.33016,0.725337,8,1.27475,6.8125,0.851563
188,52,67,39.799,35.9088,15.8114,6.32456,23.0413,0.4,0.50677,0.902255,0.776119,8.13686,0.412543,12,1.31762,4.33333,0.361111
189,4,4.5,8.82843,8.65028,3.16228,2.23607,11.8908,0.707107,0.671753,0.979821,0.888889,2.25676,0.644916,3,1.05409,1.33333,0.444444
190,38.5,59.5,43.6985,36.6188,16.6433,5,18.0366,0.300421,0.360796,0.837989,0.647059,7.00141,0.25336,17,0.979019,2.26471,0.133218
192,3,3,6.82843,6.82843,2.82843,1.41421,10.0379,0.5,0.808518,1,1,1.95441,0.808518,2,1.41421,1.5,0.75
193,63.5,90,46.0416,38.5439,13.8924,11.4018,30.9593,0.820716,0.537121,0.837153,0.705556,8.9917,0.376428,14,0.992317,4.53571,0.32398
194,70.5,120.5,54.8701,44.2116,15.2643,13.1529,32.8434,0.861678,0.453238,0.805751,0.585062,9.47435,0.294258,17,0.897902,4.14706,0.243945
195,2,2,6.82843,6.82843,2.82843,2,8.6019,0.707107,0.539012,1,1,1.59577,0.539012,3,0.942809,0.666667,0.222222
196,96.5,153,75.3553,54.3613,23.3452,9,27.835,0.385518,0.410352,0.7214,0.630719,11.0846,0.213555,24,0.972718,4.02083,0.167535
197,11,17.5,23.3137,20.9554,9.84886,2.82843,11.1474,0.287183,0.314782,0.898846,0.628571,3.74241,0.25432,9,1.09432,1.22222,0.135802
198,25,29,22.1421,21.2781,8.24621,5.38516,21.0497,0.653047,0.693881,0.960977,0.862069,5.6419,0.640783,7,1.17803,3.57143,0.510204
199,3.5,3.5,7.41421,7.41421,2.82843,2,11.4692,0.707107,0.800106,1,1,2.111,0.800106,2,1.41421,1.75,0.875
200,2,2,6,6,2.23607,1,10.1966,0.447214,0.698132,1,1,1.59577,0.698132,2,1.11803,1,0.5
201,83,121,52.2843,45.5288,18.7883,11.1803,30.0515,0.595069,0.503171,0.870793,0.68595,10.28,0.381545,19,0.988858,4.36842,0.229917
202,4,4.5,8.82843,8.65028,3.60555,2.23607,10.7628,0.620174,0.671753,0.979821,0.888889,2.25676,0.644916,3,1.20185,1.33333,0.444444
203,12.5,14,15.0711,14.5366,5.38516,3.60555,17.2365,0.669534,0.743348,0.964539,0.892857,3.98942,0.691563,2,2.69258,6.25,3.125
204,173,217,67.1127,54.6563,18.6011,16.0312,57.2836,0.861844,0.727738,0.814396,0.797235,14.8415,0.482666,20,0.930054,8.65,0.4325
205,6,7.5,11.6569,11.2558,4.24264,2.82843,12.6042,0.666667,0.595122,0.965598,0.8,2.76395,0.554879,5,0.848528,1.2,0.24
206,25.5,28,21.8995,21.0088,8.544,5.09902,21.2695,0.596795,0.726021,0.959327,0.910714,5.69804,0.668162,6,1.424,4.25,0.708333
207,77.5,238.5,42.8701,68.6156,29.0172,13.6015,27.0487,0.468738,0.206855,1.60055,0.324948,9.93358,0.529912,15,1.93448,5.16667,0.344444
208,609,744,135.539,106.135,39.6232,23.0868,90.3697,0.582658,0.679378,0.783057,0.818548,27.8461,0.41658,40,0.990581,15.225,0.380625
209,2,2,6,6,2.23607,1,10.1966,0.447214,0.698132,1,1,1.59577,0.698132,2,1.11803,1,0.5
210,6.5,10.5,15.0711,13.6766,5.38516,2.82843,12.0655,0.525226,0.436682,0.907475,0.619048,2.87681,0.359613,5,1.07703,1.3,0.26
211,5.5,5.5,11.0711,11.0711,5,2,10.0848,0.4,0.563889,1,1,2.64628,0.563889,5,1,1.1,0.22
212,107.5,128,51.6985,45.271,18.1108,10.4403,37.5239,0.576469,0.659141,0.875674,0.839844,11.6993,0.505432,18,1.00615,5.97222,0.33179
213,782.5,1088.5,217.38,146.749,64.846,24.0832,73.2953,0.371391,0.45661,0.67508,0.718879,31.5644,0.208092,64,1.01322,12.2266,0.19104
214,788,866.5,122.083,111.449,42.45,26.9258,107.236,0.634295,0.797227,0.912895,0.909406,31.6751,0.664391,35,1.21286,22.5143,0.643265
215,2.5,2.5,7.41421,7.41421,3.16228,1.41421,9.24891,0.447214,0.571505,1,1,1.78412,0.571505,4,0.790569,0.625,0.15625
216,9.5,10,13.0711,12.8929,5.09902,3.60555,14.4478,0.707107,0.718176,0.986371,0.95,3.4779,0.698733,5,1.0198,1.9,0.38
217,22,24,19.3137,18.7345,6.32456,5.65685,23.2705,0.894427,0.787674,0.970013,0.916667,5.29257,0.741142,1,6.32456,22,22
218,166,192.5,63.9411,57.3923,24.4131,10.8167,42.2194,0.443067,0.633301,0.897581,0.862338,14.5381,0.51022,21,1.16253,7.90476,0.376417
219,86,110,44.6274,38.5576,13.1529,11.6619,41.8057,0.886638,0.726924,0.863988,0.781818,10.4642,0.542631,13,1.01177,6.61538,0.508876
220,26.5,30.5,22.7279,21.6449,8.60233,5,21.1989,0.581238,0.710796,0.952348,0.868852,5.80869,0.644668,6,1.43372,4.41667,0.736111
221,29.5,30.5,21.0711,20.8191,7.81025,5.65685,24.9485,0.724286,0.855277,0.988044,0.967213,6.12867,0.834947,3,2.60342,9.83333,3.27778
222,190,283,91.7401,63.7844,21.5407,19.105,55.737,0.886926,0.58686,0.695273,0.671378,15.5536,0.283691,29,0.742781,6.55172,0.225922
223,5.5,6.5,10.2426,9.88635,3.60555,2.82843,13.1542,0.784465,0.707132,0.965215,0.846154,2.64628,0.658793,3,1.20185,1.83333,0.611111
225,4,4.5,8.82843,8.65028,3.60555,2.23607,10.7628,0.620174,0.671753,0.979821,0.888889,2.25676,0.644916,4,0.901388,1,0.25
226,248,297,73.598,63.897,22.1359,18.0278,67.3827,0.814411,0.763309,0.86819,0.835017,17.7697,0.575347,25,0.885438,9.92,0.3968
227,153,273,91.7401,69.5943,28.7924,12.3693,35.7196,0.429604,0.396967,0.758602,0.56044,13.9573,0.228446,31,0.928786,4.93548,0.159209
228,14.5,18,21.0711,20.1977,9.05539,5,13.6763,0.552158,0.446656,0.958552,0.805556,4.29674,0.410398,10,0.905539,1.45,0.145
229,477,1545.5,245.48,152.794,54.5711,38.6264,58.135,0.707819,0.256753,0.62243,0.308638,24.6442,0.0994707,100,0.545711,4.77,0.0477
230,565.5,633,139.012,133.135,62.1691,18.6011,55.0954,0.299201,0.400923,0.957719,0.893365,26.8331,0.367736,57,1.09069,9.92105,0.174054
231,27,40,28.4853,24.8313,8.60233,6.32456,23.6248,0.735215,0.550268,0.871724,0.675,5.86323,0.41815,9,0.955814,3,0.333333
232,14,14,14.8284,14.8284,5.38516,3.16228,18.9601,0.58722,0.800106,1,1,4.22201,0.800106,3,1.79505,4.66667,1.55556
233,4,6,18.8284,18.5132,9.05539,1.41421,7.65823,0.156174,0.146658,0.98326,0.666667,2.25676,0.141789,10,0.905539,0.4,0.04
234,40,84.5,51.1127,38.1771,15.2971,7.81025,20.6872,0.510572,0.344876,0.746921,0.473373,7.1365,0.192403,18,0.849837,2.22222,0.123457
235,37,38.5,23.3137,22.8836,8.06226,6.40312,29.5723,0.79421,0.887896,0.981552,0.961039,6.86366,0.855439,4,2.01556,9.25,2.3125
236,38.5,40.5,25.5563,24.8438,9.84886,5.83095,25.7666,0.592043,0.783855,0.972117,0.950617,7.00141,0.740752,8,1.23111,4.8125,0.601563
237,10.5,11.5,13.0711,12.8191,4.47214,3.60555,17.0864,0.806226,0.802938,0.980726,0.913043,3.65637,0.772284,4,1.11803,2.625,0.65625
238,5,6,10.8284,10.5765,4.47214,2,11.0565,0.447214,0.56169,0.976734,0.833333,2.52313,0.535857,4,1.11803,1.25,0.3125
239,8,8.5,11.6569,11.4787,4.47214,2.82843,14.0698,0.632456,0.762981,0.984718,0.941176,3.19154,0.739839,4,1.11803,2,0.5
240,5.5,5.5,9.41421,9.41421,3.60555,2,13.1542,0.5547,0.779838,1,1,2.64628,0.779838,3,1.20185,1.83333,0.611111
241,3.5,5,11.0711,10.4853,4.47214,2,9.04651,0.447214,0.400053,0.947089,0.7,2.111,0.358838,4,1.11803,0.875,0.21875
243,3.5,4,8.24264,8.0645,3.16228,2,10.5677,0.632456,0.676275,0.978387,0.875,2.111,0.647359,3,1.05409,1.16667,0.388889
244,5,5,8.82843,8.82843,3.16228,2,13.2096,0.632456,0.806145,1,1,2.52313,0.806145,2,1.58114,2.5,1.25
245,15,16.5,17.6569,16.6503,6.7082,3.16228,16.4104,0.471405,0.67992,0.942993,0.909091,4.37019,0.604609,1,6.7082,15,15
246,4.5,5,10.2426,10.0645,4.47214,2,10.0498,0.447214,0.558262,0.982607,0.9,2.39365,0.539012,5,0.894427,0.9,0.18
247,10.5,15.5,19.8995,15.8863,6.40312,4.12311,14.8649,0.643921,0.522818,0.798329,0.677419,3.65637,0.333208,6,1.06719,1.75,0.291667
248,7.5,9,12.2426,11.8126,4.47214,3.16228,14.0698,0.707107,0.675434,0.96487,0.833333,3.09019,0.628812,4,1.11803,1.875,0.46875
249,31,42.5,34.1421,32.0046,14.7648,4.12311,16.6292,0.279252,0.380319,0.937392,0.729412,6.28255,0.334187,13,1.13576,2.38462,0.183432
250,5.5,6,10.2426,10.0645,3.60555,3,13.1542,0.83205,0.682321,0.982607,0.916667,2.64628,0.658793,3,1.20185,1.83333,0.611111
251,13.5,14.5,15.0711,14.8191,5.83095,3.60555,16.8963,0.618347,0.772499,0.983283,0.931034,4.14593,0.746888,4,1.45774,3.375,0.84375
252,8.5,10,13.0711,12.5366,5,3.16228,13.7515,0.632456,0.679621,0.959113,0.85,3.28976,0.625182,5,1,1.7,0.34
253,16,19.5,18.4853,17.5804,7.07107,4.12311,17.0338,0.583095,0.650538,0.951048,0.820513,4.51352,0.588407,7,1.01015,2.28571,0.326531
255,33.5,40.5,27.5563,23.5115,8.24621,7.07107,27.664,0.857493,0.761544,0.853214,0.82716,6.53097,0.554385,7,1.17803,4.78571,0.683673
256,12,12.5,13.6569,13.4787,5.09902,3.16228,17.1582,0.620174,0.830031,0.986956,0.96,3.90882,0.808518,4,1.27475,3,0.75
257,20,21.5,18.4853,18.2426,7.2111,4.47214,19.5826,0.620174,0.755204,0.986874,0.930233,5.04627,0.735509,6,1.20185,3.33333,0.555556
258,43.5,46.5,26.7279,25.8678,10.2956,6.08276,27.6346,0.59081,0.816924,0.967818,0.935484,7.44217,0.765189,5,2.05913,8.7,1.74
259,15,16,15.6569,15.3006,5.83095,4.12311,18.5053,0.707107,0.805168,0.977244,0.9375,4.37019,0.768939,3,1.94365,5,1.66667
260,30,32.5,22.4853,21.8033,7.61577,6,26.1667,0.787839,0.793027,0.969668,0.923077,6.18039,0.745649,4,1.90394,7.5,1.875
261,23,35,30.1421,22.2847,8.48528,5.83095,21.9471,0.687184,0.582002,0.73932,0.657143,5.41152,0.318119,11,0.771389,2.09091,0.190083
262,23.5,36,26.7279,22.8033,8.48528,6.40312,21.3529,0.754615,0.567915,0.853163,0.652778,5.47002,0.413378,10,0.848528,2.35,0.235
263,14,16,17.6569,17.0486,7.28011,3.16228,15.2923,0.434372,0.605284,0.965553,0.875,4.22201,0.564302,7,1.04002,2,0.285714
264,37,49,30.9706,28.7597,11.7047,7.07107,22.3594,0.604122,0.562138,0.928614,0.755102,6.86366,0.484745,12,0.975392,3.08333,0.256944
265,9,9,12.8284,12.8284,5.38516,2.23607,13.7892,0.415227,0.687235,1,1,3.38514,0.687235,5,1.07703,1.8,0.36
266,33,51.5,36.1421,27.4907,10.8167,7.07107,23.4496,0.65372,0.548722,0.760627,0.640777,6.48204,0.317465,11,0.983332,3,0.272727
267,33.5,36.5,23.8995,23.0684,8.60233,6.32456,25.9295,0.735215,0.791079,0.965225,0.917808,6.53097,0.737017,6,1.43372,5.58333,0.930556
268,28.5,31.5,23.5563,21.8995,8.60233,5,22.4724,0.581238,0.746769,0.929664,0.904762,6.0239,0.645415,6,1.43372,4.75,0.791667
269,14,18,19.3137,16.2333,6.08276,4,17.841,0.657596,0.667608,0.840509,0.777778,4.22201,0.471636,6,1.01379,2.33333,0.388889
270,8,8.5,12.8284,12.6503,5.38516,2.82843,12.9288,0.525226,0.628202,0.986113,0.941176,3.19154,0.610876,5,1.07703,1.6,0.32
271,46.5,50,27.5563,26.7055,10,6.40312,29.6478,0.640312,0.819336,0.969123,0.93,7.69452,0.769519,2,5,23.25,11.625
272,15.5,16,15.0711,14.8929,5.38516,4.12311,19.8234,0.765641,0.878176,0.98818,0.96875,4.44243,0.857538,3,1.79505,5.16667,1.72222
273,4,4.5,8.82843,8.65028,3.16228,2.23607,11.8908,0.707107,0.671753,0.979821,0.888889,2.25676,0.644916,3,1.05409,1.33333,0.444444
274,5,6,10.8284,10.4721,4.47214,2.23607,11.0565,0.5,0.57294,0.967097,0.833333,2.52313,0.535857,5,0.894427,1,0.2
275,17.5,20,17.8995,17.1131,6.7082,4.12311,18.9063,0.614636,0.750913,0.956067,0.875,4.72035,0.686383,4,1.67705,4.375,1.09375
276,14.5,15.5,15.0711,14.7148,5.38516,4,18.9601,0.742781,0.841532,0.976359,0.935484,4.29674,0.802213,4,1.34629,3.625,0.90625
277,58.5,82,42.3848,33.9166,12.3693,9.05539,32.5,0.732084,0.63906,0.800207,0.713415,8.63044,0.40921,14,0.883523,4.17857,0.298469
279,23.5,25,19.0711,18.641,6.7082,5.38516,23.9976,0.802773,0.849845,0.977448,0.94,5.47002,0.811947,4,1.67705,5.875,1.46875
280,18,19.5,18.1421,17.7121,6.7082,3.60555,18.5495,0.537484,0.721015,0.976294,0.923077,4.78731,0.687235,5,1.34164,3.6,0.72
281,26,38,29.799,25.173,10.198,5.09902,19.2778,0.5,0.515599,0.844761,0.684211,5.75363,0.367943,9,1.13312,2.88889,0.320988
282,181,197.5,56.2843,51.4104,17.6918,14.2127,60.5596,0.803348,0.860572,0.913406,0.916456,15.1808,0.717983,12,1.47432,15.0833,1.25694
283,28,36,26.9706,23.4154,8.544,6.7082,23.6328,0.785136,0.641749,0.868183,0.777778,5.97082,0.483713,7,1.22057,4,0.571429
284,131.5,154,54.0416,49.0391,19.6469,10.0499,41.8722,0.511525,0.687147,0.907433,0.853896,12.9395,0.565821,20,0.982344,6.575,0.32875
285,221,336.5,97.7401,72.7456,29.7321,18.6815,48.5406,0.628328,0.524794,0.744276,0.656761,16.7746,0.290708,30,0.991071,7.36667,0.245556
286,184,254,89.2548,64.0034,25.1794,15.1327,46.5875,0.600998,0.564444,0.717087,0.724409,15.3061,0.290245,23,1.09475,8,0.347826
287,42,55,32.9706,28.0046,10.2956,7.61577,27.6346,0.739709,0.672979,0.849381,0.763636,7.31273,0.485519,1,10.2956,42,42
288,31,38,28.1421,26.0351,11.4018,5.65685,20.015,0.496139,0.574715,0.925129,0.815789,6.28255,0.491878,12,0.950146,2.58333,0.215278
290,771.5,1054,169.782,123.758,42.7551,35.1283,106.817,0.821617,0.632993,0.728925,0.731973,31.3417,0.336329,46,0.929459,16.7717,0.364603
291,109,132,50.2843,44.3216,17.0294,10.8167,40.2508,0.635176,0.697277,0.881421,0.825758,11.7806,0.541716,16,1.06434,6.8125,0.425781
292,92,141,63.598,45.3265,17.4642,12.6491,34.6235,0.724286,0.562721,0.712704,0.652482,10.823,0.285832,18,0.970236,5.11111,0.283951
293,75,100.5,46.2843,38.0622,13.4164,9.21954,36.3155,0.687184,0.650554,0.822357,0.746269,9.77205,0.439951,15,0.894427,5,0.333333
294,3,7,14.4853,13.5208,6.40312,2.23607,7.43243,0.349215,0.206219,0.933414,0.428571,1.95441,0.179671,6,1.06719,0.5,0.0833333
295,44.5,52,29.5563,27.282,10.0499,7.28011,28.9521,0.724398,0.751309,0.923049,0.855769,7.52723,0.64013,11,0.913625,4.04545,0.367769
296,43.5,48.5,29.5563,27.5461,10.7703,7,27.0266,0.649934,0.720409,0.931985,0.896907,7.44217,0.625745,8,1.34629,5.4375,0.679688
297,20.5,25,20.7279,18.8389,6.32456,5.65685,22.5186,0.894427,0.72586,0.908866,0.82,5.10895,0.599587,6,1.05409,3.41667,0.569444
298,141,150,48.2843,45.7954,17.4929,11.3137,48.3644,0.646762,0.84486,0.948454,0.94,13.3988,0.760007,1,17.4929,141,141
299,48.5,56.5,33.5563,31.4336,12.6491,6.7082,25.2423,0.53033,0.616826,0.936742,0.858407,7.85825,0.541255,11,1.14992,4.40909,0.400826
300,54.5,63,33.5563,29.7858,10.2956,8.06226,34.0506,0.783076,0.771945,0.887637,0.865079,8.33016,0.608215,10,1.02956,5.45,0.545
301,171,192.5,58.7696,53.1198,20.6155,13.1529,50.4596,0.638012,0.76154,0.903866,0.888312,14.7555,0.622159,19,1.08503,9,0.473684
302,26.5,30,21.8995,20.9946,7.81025,5.38516,23.0784,0.6895,0.75551,0.95868,0.883333,5.80869,0.694365,6,1.30171,4.41667,0.736111
303,37.5,40.5,26.7279,25.7634,10.6301,5.83095,24.3167,0.54853,0.709961,0.963913,0.925926,6.90988,0.659646,8,1.32877,4.6875,0.585938
304,67.5,91.5,48.8701,37.1341,15.0333,8.94427,30.7095,0.594964,0.615131,0.759854,0.737705,9.27058,0.355163,13,1.15641,5.19231,0.399408
305,23,25,19.6569,18.8929,6.7082,5,23.9976,0.745356,0.809729,0.961137,0.92,5.41152,0.748014,3,2.23607,7.66667,2.55556
306,80.5,103.5,54.8701,43.7374,19.3132,8.48528,28.0755,0.439351,0.52881,0.797109,0.777778,10.124,0.335997,19,1.01648,4.23684,0.222992
307,74.5,86.5,40.0416,35.1104,13,9.43398,36.6184,0.725691,0.759441,0.876848,0.861272,9.73942,0.583906,12,1.08333,6.20833,0.517361
308,122.5,178,85.4975,54.9829,22.2036,12.083,34.3045,0.544193,0.509203,0.643093,0.688202,12.4889,0.210591,22,1.00925,5.56818,0.253099
309,5.5,6.5,10.2426,9.88635,3.60555,2.82843,13.1542,0.784465,0.707132,0.965215,0.846154,2.64628,0.658793,4,0.901388,1.375,0.34375
310,804,984.5,193.137,120.048,47.1275,32.0156,99.2239,0.679341,0.701062,0.621568,0.816658,31.9951,0.270854,47,1.00271,17.1064,0.363966
311,3,5,9.65685,8.89292,3.16228,2.23607,10.5677,0.707107,0.476697,0.920892,0.6,1.95441,0.404259,4,0.790569,0.75,0.1875
312,55,92,52.6274,38.0748,14.4222,10.6301,27.9231,0.737068,0.476758,0.723478,0.597826,8.36828,0.249545,16,0.901388,3.4375,0.214844
313,97.5,99.5,37.5563,36.9772,13.6015,10.2956,44.0354,0.75695,0.89608,0.984579,0.979899,11.1419,0.868656,3,4.53382,32.5,10.8333
314,6.5,10,14.2426,13.0777,5.38516,2.82843,12.0655,0.525226,0.477597,0.918207,0.65,2.87681,0.402663,5,1.07703,1.3,0.26
315,7.5,8.5,12.2426,11.8863,4.47214,3,14.0698,0.67082,0.667074,0.970898,0.882353,3.09019,0.628812,4,1.11803,1.875,0.46875
316,51,66.5,37.799,31.3431,12.083,8,29.3438,0.662085,0.652373,0.829205,0.766917,8.05824,0.448559,12,1.00692,4.25,0.354167
317,39,41,24.4853,24.016,8.544,6.08276,29.3867,0.711934,0.849713,0.980835,0.95122,7.04673,0.817456,4,2.136,9.75,2.4375
318,84,113.5,49.1127,42.0485,17.0294,10.2956,32.4775,0.60458,0.597018,0.856164,0.740088,10.3418,0.437624,18,0.946077,4.66667,0.259259
319,162,215,69.9411,55.7726,19.8494,14.5602,51.0787,0.733533,0.65446,0.797422,0.753488,14.3619,0.416159,20,0.992472,8.1,0.405
320,3,3.5,9.65685,9.47871,4.47214,1.41421,8.03987,0.316228,0.419597,0.981552,0.857143,1.95441,0.404259,5,0.894427,0.6,0.12
321,309,359.5,88.0833,72.5403,28.2312,17.4929,65.8107,0.619629,0.737921,0.823542,0.859527,19.8351,0.500474,29,0.973489,10.6552,0.36742
322,69.5,74,33.2132,31.6479,11.1803,8.94427,38.5,0.8,0.871976,0.952872,0.939189,9.40692,0.791723,4,2.79508,17.375,4.34375
323,6,9,14.4853,13.0777,5.83095,2.23607,10.4601,0.383482,0.440859,0.902826,0.666667,2.76395,0.359341,6,0.971825,1,0.166667
325,120,174.5,76.0833,59.8769,26.0192,10.2956,30.1279,0.395693,0.420604,0.786991,0.687679,12.3608,0.260503,25,1.04077,4.8,0.192
326,152,189.5,61.1127,51.1877,19.105,13.6015,50.087,0.711934,0.728991,0.837595,0.802111,13.9116,0.511435,20,0.955249,7.6,0.38
327,29.5,32,23.0711,22.2847,9.21954,5,22.7578,0.542326,0.746481,0.965915,0.921875,6.12867,0.69646,6,1.53659,4.91667,0.819444
328,89,169,82.9117,49.1499,18.6011,12.0416,33.4865,0.64736,0.462971,0.592799,0.526627,10.6451,0.162693,27,0.688929,3.2963,0.122085
329,37.5,46.5,29.5563,25.3643,8.60233,7.61577,28.6458,0.885316,0.732479,0.858168,0.806452,6.90988,0.539436,7,1.2289,5.35714,0.765306
330,43.5,59.5,41.2132,32.4875,13.8924,6.08276,23.2692,0.437847,0.517925,0.788278,0.731092,7.44217,0.32183,12,1.1577,3.625,0.302083
331,168.5,201,65.0122,53.0708,19,15.6205,54.7435,0.822132,0.751794,0.816321,0.838308,14.6472,0.50098,20,0.95,8.425,0.42125
332,43,48,28.4853,27.3099,10.7703,6.08276,27.0266,0.56477,0.724498,0.958738,0.895833,7.39928,0.665943,6,1.79505,7.16667,1.19444
333,17,21.5,19.3137,17.6989,6.40312,5,19.3243,0.780869,0.681971,0.916391,0.790698,4.65243,0.5727,8,0.800391,2.125,0.265625
334,1.5,3,8.24264,7.81256,3.16228,1.41421,7.92576,0.447214,0.308826,0.947822,0.5,1.38198,0.27744,4,0.790569,0.375,0.09375
335,16.5,18.5,17.0711,16.4628,6,4,19.6442,0.666667,0.76504,0.964371,0.891892,4.5835,0.711496,7,0.857143,2.35714,0.336735
336,10,10.5,12.8284,12.6503,4.47214,3.16228,17.0864,0.707107,0.785253,0.986113,0.952381,3.56825,0.763595,3,1.49071,3.33333,1.11111
337,35.5,38,23.8995,23.1131,8.94427,6.08276,26.4275,0.680074,0.835066,0.967097,0.934211,6.72309,0.781018,5,1.78885,7.1,1.42
338,67.5,78,35.5563,33.5184,12.3693,8.544,34.8082,0.690742,0.754998,0.942685,0.865385,9.27058,0.670933,10,1.23693,6.75,0.675
339,31,33.5,22.4853,21.6989,7.61577,6.08276,27.3226,0.798706,0.827362,0.965027,0.925373,6.28255,0.770504,4,1.90394,7.75,1.9375
340,23,32,26.1421,21.5066,7.81025,5.83095,21.8309,0.746577,0.624877,0.822679,0.71875,5.41152,0.422917,9,0.867806,2.55556,0.283951
341,49.5,55.5,32.7279,29.9508,12.53,6.08276,26.7524,0.485457,0.693421,0.915147,0.891892,7.93885,0.580735,10,1.253,4.95,0.495
342,5,5,12.8284,12.8284,6,1.41421,9.42857,0.235702,0.381797,1,1,2.52313,0.381797,7,0.857143,0.714286,0.102041
343,4,4.5,9.65685,9.47871,4.24264,1.41421,9.45486,0.333333,0.559463,0.981552,0.888889,2.25676,0.539012,4,1.06066,1,0.25
344,148.5,180.5,66.5269,51.7618,19.6977,12,45.4284,0.609208,0.696494,0.778058,0.822715,13.7505,0.42164,18,1.09432,8.25,0.458333
345,13,16,16.4853,15.6251,5.83095,4.12311,16.8963,0.707107,0.669124,0.947822,0.8125,4.06843,0.601119,6,0.971825,2.16667,0.361111
346,8,12.5,21.6569,19.6344,9.05539,4.47214,10.3942,0.493865,0.260774,0.906614,0.64,3.19154,0.214343,10,0.905539,0.8,0.08
347,646.5,717,120.953,106.282,42.0595,23.7697,89.416,0.565146,0.719213,0.878704,0.901674,28.6906,0.555319,40,1.05149,16.1625,0.404063
348,40,54,33.799,28.4667,10.2956,7.07107,27.1419,0.686803,0.620292,0.842235,0.740741,7.1365,0.44001,8,1.28695,5,0.625
349,9.5,9.5,12.2426,12.2426,5,2.82843,14.6667,0.565685,0.796495,1,1,3.4779,0.796495,3,1.66667,3.16667,1.05556
350,102,123.5,51.9411,43.5711,17.4642,9.84886,35.0773,0.563944,0.675169,0.838856,0.825911,11.3961,0.475103,13,1.3434,7.84615,0.60355
351,11.5,11.5,13.8995,13.8995,5.38516,2.82843,15.5128,0.525226,0.748014,1,1,3.82652,0.748014,4,1.34629,2.875,0.71875
352,3.5,3.5,9.41421,9.41421,4.12311,1,9.65603,0.242536,0.496261,1,1,2.111,0.496261,5,0.824621,0.7,0.14
353,42.5,59,40.0416,29.6251,11.6619,7.81025,26.5739,0.669723,0.608525,0.739858,0.720339,7.35613,0.333101,13,0.89707,3.26923,0.251479
354,15.5,16,16.2426,16.0645,6.32456,3.16228,18.0149,0.5,0.754757,0.989032,0.96875,4.44243,0.738292,5,1.26491,3.1,0.62
355,223,347,114.711,81.0967,35.8469,15,39.2606,0.418446,0.426097,0.706967,0.642651,16.8503,0.212964,34,1.05432,6.55882,0.192907
356,12,15,16.4853,14.8929,5.38516,4.12311,17.2365,0.765641,0.679878,0.903407,0.8,3.90882,0.554879,6,0.897527,2,0.333333
357,16,21.5,21.3137,19.0095,7.81025,4.47214,16.8056,0.572598,0.556404,0.891889,0.744186,4.51352,0.4426,6,1.30171,2.66667,0.444444
358,80,102.5,46.2843,38.946,14.5602,11.1803,36.4897,0.767869,0.662786,0.841453,0.780488,10.0925,0.469281,17,0.856484,4.70588,0.276817
359,10.5,12.5,15.0711,13.8863,5.09902,3.16228,16.2537,0.620174,0.684263,0.921391,0.84,3.65637,0.580913,5,1.0198,2.1,0.42
360,22.5,24,19.8995,19.4985,8.06226,4.47214,19.7149,0.5547,0.743689,0.979848,0.9375,5.35237,0.714017,6,1.34371,3.75,0.625
361,15,19,20.1421,17.8771,7.28011,4.12311,15.2923,0.566352,0.589806,0.887545,0.789474,4.37019,0.464612,7,1.04002,2.14286,0.306122
362,71.5,90,47.6985,36.1486,14.1421,9,32.4374,0.636396,0.687597,0.757855,0.794444,9.54131,0.394918,16,0.883883,4.46875,0.279297
363,44,52.5,32.6274,27.4071,10.198,7.07107,28.7623,0.693375,0.736099,0.840003,0.838095,7.48482,0.519394,8,1.27475,5.5,0.6875
364,164,180,55.4558,51.896,20.2237,12,49.2446,0.593362,0.765219,0.935808,0.911111,14.4503,0.67013,14,1.44455,11.7143,0.836735
365,135,147.5,50.6274,46.8956,18.2483,10.7703,45.3463,0.59021,0.771399,0.926289,0.915254,13.1106,0.661869,19,0.960436,7.10526,0.373961
366,48,57.5,31.4558,28.829,10.198,7.81025,30.152,0.765858,0.725756,0.916492,0.834783,7.81764,0.609605,11,0.927094,4.36364,0.396694
367,106,138.5,60.7696,49.3098,21.095,9.43398,32.7775,0.447214,0.547834,0.811423,0.765343,11.6174,0.360698,22,0.958865,4.81818,0.219008
368,16.5,19,19.0711,18,7.07107,5,18.4624,0.707107,0.639954,0.943838,0.868421,4.5835,0.57009,5,1.41421,3.3,0.66
369,28.5,30,21.0711,20.5366,7.2111,6.32456,26.3348,0.877058,0.849173,0.974636,0.95,6.0239,0.806643,0,inf,inf,inf
370,50,85,50.2843,37.7128,15.6205,8.94427,23.9443,0.572598,0.441775,0.749993,0.588235,7.97885,0.248494,15,1.04137,3.33333,0.222222
371,7,8,11.6569,10.8284,4.24264,2.82843,13.6563,0.666667,0.7502,0.928932,0.875,2.98541,0.647359,3,1.41421,2.33333,0.777778
372,194,229.5,66.4264,57.2584,21.095,15.5563,52.6199,0.737442,0.74359,0.861982,0.845316,15.7165,0.552497,20,1.05475,9.7,0.485
373,30.5,45,33.2132,25.9233,9.21954,6.40312,22.6068,0.694516,0.570332,0.780513,0.677778,6.23168,0.347447,5,1.84391,6.1,1.22
374,145.5,193.5,67.3553,55.7701,21.3776,11.7047,42.0827,0.547523,0.587855,0.827998,0.751938,13.6109,0.403022,26,0.822214,5.59615,0.215237
375,250.5,272,66.5269,60.4022,20.2485,17,72.4446,0.83957,0.862804,0.907936,0.920956,17.8591,0.711251,10,2.02485,25.05,2.505
376,6,16,22.4853,15.6569,5.38516,4,14.6524,0.742781,0.307576,0.696316,0.375,2.76395,0.14913,10,0.538516,0.6,0.06
377,8,8,10.8284,10.8284,3.60555,3,16.7391,0.83205,0.857372,1,1,3.19154,0.857372,0,inf,inf,inf
378,144.5,270.5,104.811,62.8566,23.0868,17.0294,42.5605,0.737625,0.459595,0.599713,0.534196,13.564,0.165296,24,0.96195,6.02083,0.250868
379,34,42,28.1421,25.1172,9.21954,6.7082,25.4803,0.727607,0.677245,0.892513,0.809524,6.57952,0.539479,9,1.02439,3.77778,0.419753
380,309,376,113.255,78.6388,32.1403,15.8114,60.2323,0.491949,0.627907,0.694352,0.821809,19.8351,0.30273,31,1.03678,9.96774,0.32154
381,18,19.5,17.3137,16.9127,6.32456,4.24264,19.8611,0.67082,0.790783,0.976838,0.923077,4.78731,0.754575,5,1.26491,3.6,0.72
382,56,59.5,30.1421,28.8438,10.8167,7.61577,32.8295,0.704078,0.845851,0.956925,0.941176,8.44402,0.774551,6,1.80278,9.33333,1.55556
383,1,2,7.65685,6.82843,2.82843,2,7.17062,0.707107,0.269506,0.891806,0.5,1.12838,0.214343,1,2.82843,1,1
384,17,17.5,15.6569,15.4787,5.38516,4,1.28084,0.742781,0.89164,0.988622,0.971429,4.65243,0.871465,2,2.69258,8.5,4.25
385,35,38,23.3137,22.3783,7.61577,6.7082,1.21852,0.88083,0.878265,0.959875,0.921053,6.67558,0.809199,0,inf,inf,inf
386,6,6.5,9.65685,9.47871,3.16228,2.82843,1.23697,0.894427,0.839195,0.981552,0.923077,2.76395,0.808518,2,1.58114,3,1.5
387,34.5,34.5,21.8995,21.8995,8.06226,5.65685,1.39376,0.701646,0.903984,1,1,6.62773,0.903984,2,4.03113,17.25,8.625
388,19.5,20,17.0711,16.8929,5.83095,5,1.30886,0.857493,0.858687,0.989564,0.975,4.98279,0.840859,3,1.94365,6.5,2.16667
389,12,12.5,13.6569,13.4787,5.09902,3,1.53765,0.588348,0.830031,0.986956,0.96,3.90882,0.808518,4,1.27475,3,0.75
390,10.5,10.5,12.2426,12.2426,4.47214,3.16228,1.38342,0.707107,0.880337,1,1,3.65637,0.880337,2,2.23607,5.25,2.625
391,264.5,288.5,66.5269,61.7692,20.8806,18.7883,1.24949,0.899796,0.871148,0.928484,0.916811,18.3513,0.751002,14,1.49147,18.8929,1.34949
392,25.5,28,20.7279,19.3651,6.7082,5.83095,1.28105,0.869227,0.854501,0.93425,0.910714,5.69804,0.745828,4,1.67705,6.375,1.59375
393,14.5,15,16.2426,16.0645,6.7082,3.60555,2.02894,0.537484,0.706063,0.989032,0.966667,4.29674,0.69066,6,1.11803,2.41667,0.402778
394,26,30,24.1421,23.4296,9.43398,5,2.26369,0.529999,0.595189,0.970484,0.866667,5.75363,0.560573,10,0.943398,2.6,0.26
395,31,35,23.3137,22.2448,8.06226,5.38516,1.49332,0.667947,0.787251,0.954153,0.885714,6.28255,0.716719,5,1.61245,6.2,1.24
396,11,12.5,13.6569,13.2268,4.47214,4,1.30657,0.894427,0.790123,0.968508,0.88,3.74241,0.741142,2,2.23607,5.5,2.75
397,14.5,14.5,15.0711,15.0711,5.38516,4.12311,1.4555,0.765641,0.802213,1,1,4.29674,0.802213,3,1.79505,4.83333,1.61111
398,7.5,7.5,10.2426,10.2426,3.60555,2.82843,1.28147,0.784465,0.898353,1,1,3.09019,0.898353,0,inf,inf,inf
399,69.5,77,38.0416,33.1776,13,8.06226,1.7454,0.620174,0.793422,0.87214,0.902597,9.40692,0.603499,9,1.44444,7.72222,0.858025
400,29,30.5,21.3137,20.7793,7.81025,5,1.56315,0.640184,0.844009,0.974925,0.95082,6.07651,0.802213,2,3.90512,14.5,7.25
401,134.5,195,73.0122,58.2009,25.0799,13.3417,3.20807,0.531967,0.498967,0.79714,0.689744,13.0863,0.31706,23,1.09043,5.84783,0.254253
402,7,7.5,10.8284,10.6503,4.24264,2.82843,1.66053,0.666667,0.775507,0.983548,0.933333,2.98541,0.7502,3,1.41421,2.33333,0.777778
403,29,31.5,21.3137,20.5273,7.28011,6.08276,1.38148,0.835532,0.864854,0.963105,0.920635,6.07651,0.802213,1,7.28011,29,29
404,3.5,3.5,8.24264,8.24264,3.60555,2,2.0824,0.5547,0.647359,1,1,2.111,0.647359,3,1.20185,1.16667,0.388889
405,13,13.5,13.6569,13.4787,4.47214,4,1.17591,0.894427,0.899201,0.986956,0.962963,4.06843,0.875895,0,inf,inf,inf
406,24,27.5,25.3137,23.6989,10.7703,4,2.93834,0.371391,0.536988,0.936208,0.872727,5.52791,0.470662,10,1.07703,2.4,0.24
407,5,6,10.8284,10.4721,4.12311,2,1.87398,0.485071,0.57294,0.967097,0.833333,2.52313,0.535857,4,1.03078,1.25,0.3125
408,27.5,31,22.7279,21.8783,8.24621,5.09902,1.73201,0.618347,0.721964,0.962617,0.887097,5.91727,0.668995,6,1.37437,4.58333,0.763889
409,15.5,16,15.0711,14.8929,5.38516,4.12311,1.39221,0.765641,0.878176,0.98818,0.96875,4.44243,0.857538,3,1.79505,5.16667,1.72222
410,10,10.5,12.8284,12.6503,5,3.16228,1.6632,0.632456,0.785253,0.986113,0.952381,3.56825,0.763595,3,1.66667,3.33333,1.11111
411,18.5,20,17.0711,16.5366,5.83095,5,1.2702,0.857493,0.850134,0.968693,0.925,4.85334,0.797738,2,2.91548,9.25,4.625
412,136,145.5,48.6274,46.8319,17.8885,10.8167,1.75772,0.604669,0.779228,0.963077,0.934708,13.159,0.722747,10,1.78885,13.6,1.36
413,23.5,28,21.8995,21.0262,8.24621,4.12311,1.93578,0.5,0.667972,0.96012,0.839286,5.47002,0.615757,6,1.37437,3.91667,0.652778
414,20.5,22,17.8995,17.4694,6.08276,5,1.31074,0.821995,0.844126,0.975972,0.931818,5.10895,0.804048,4,1.52069,5.125,1.28125
415,32,35.5,23.3137,22.7303,8.544,6.32456,1.61222,0.740233,0.778303,0.974977,0.901408,6.38308,0.739839,6,1.424,5.33333,0.888889
416,21,22.5,18.4853,17.9508,6.40312,5,1.41964,0.780869,0.818954,0.971089,0.933333,5.17088,0.772284,3,2.13437,7,2.33333
417,29.5,31.5,21.8995,21.1869,8.06226,5.83095,1.56798,0.723241,0.825841,0.967461,0.936508,6.12867,0.772972,4,2.01556,7.375,1.84375
418,6.5,7,10.2426,10.0645,3.60555,2.82843,1.38826,0.784465,0.806379,0.982607,0.928571,2.87681,0.778573,2,1.80278,3.25,1.625
419,22.5,22.5,18.2426,18.2426,6.40312,5,1.34515,0.780869,0.849605,1,1,5.35237,0.849605,0,inf,inf,inf
420,2,2.5,6.82843,6.65028,2.23607,2,1.3708,0.894427,0.568277,0.973911,0.8,1.59577,0.539012,4,0.559017,0.5,0.125
421,48.5,54,30.7279,29.0219,11.7047,6.08276,1.96454,0.519685,0.723602,0.94448,0.898148,7.85825,0.645484,7,1.6721,6.92857,0.989796
422,8,8,10.8284,10.8284,4.24264,2.82843,1.54192,0.666667,0.857372,1,1,3.19154,0.857372,0,inf,inf,inf
423,4,4,8,8,2.82843,2,1.27905,0.707107,0.785398,1,1,2.25676,0.785398,0,inf,inf,inf
424,9.5,9.5,12.2426,12.2426,4.47214,3,1.46989,0.67082,0.796495,1,1,3.4779,0.796495,0,inf,inf,inf
425,9.5,12.5,15.0711,13.2268,4.47214,4,1.46989,0.894427,0.682379,0.877627,0.76,3.4779,0.525588,1,4.47214,9.5,9.5
426,13.5,13.5,15.0711,15.0711,6.40312,3.16228,2.04975,0.493865,0.746888,1,1,4.14593,0.746888,4,1.60078,3.375,0.84375
427,52.5,58.5,30.3848,28.8642,11.1803,7.61577,1.74598,0.681175,0.791862,0.949957,0.897436,8.17588,0.71459,9,1.24226,5.83333,0.648148
428,31,37.5,26.1421,24.848,10,5.83095,2.21007,0.583095,0.630941,0.950496,0.826667,6.28255,0.570019,8,1.25,3.875,0.484375
429,100.5,125,59.5563,55.2997,25.02,12.083,4.04753,0.482936,0.412981,0.928528,0.804,11.312,0.356057,25,1.0008,4.02,0.1608
430,112,234,101.255,80.2231,37.5899,17.2047,7.2778,0.457694,0.21869,0.792289,0.478632,11.9416,0.137277,38,0.989208,2.94737,0.0775623
431,29,39,29.3137,27.4376,12.083,4.12311,3.0366,0.341231,0.484078,0.935999,0.74359,6.07651,0.424098,10,1.2083,2.9,0.29
432,83.5,116,55.3553,48.3832,21.2603,8.60233,3.48771,0.404619,0.448236,0.874048,0.719828,10.3109,0.342434,22,0.966377,3.79545,0.172521
433,120,141.5,54.7696,46.2788,17.4642,10.198,1.85888,0.583938,0.704087,0.844974,0.848057,12.3608,0.502704,17,1.02731,7.05882,0.415225
434,102.5,123,48.0416,40.7473,13.6015,11.7047,1.33901,0.860547,0.775774,0.848167,0.833333,11.424,0.558082,13,1.04627,7.88462,0.606509
435,19.5,23,19.8995,18.528,7.2111,5,1.79497,0.693375,0.713816,0.93108,0.847826,4.98279,0.618814,5,1.44222,3.9,0.78
436,76.5,81,34.7279,33.282,11.6619,9,1.32628,0.771744,0.867867,0.958363,0.944444,9.86929,0.797102,3,3.8873,25.5,8.5
437,71,96.5,57.1127,51.2538,23.7697,9.89949,5.0783,0.416475,0.339637,0.897416,0.735751,9.50789,0.273529,23,1.03347,3.08696,0.134216
438,1363.5,2649,400.86,213.06,91,50.2494,4.34551,0.552191,0.37745,0.531508,0.514723,41.6661,0.10663,96,0.947917,14.2031,0.147949
439,15,18,17.3137,16.129,6.08276,4.12311,1.71304,0.677834,0.724581,0.931573,0.833333,4.37019,0.628812,6,1.01379,2.5,0.416667
440,64.5,117,72.669,56.5401,26.4008,9,6.094,0.340899,0.253546,0.778049,0.551282,9.06223,0.153487,25,1.05603,2.58,0.1032
441,469.5,533,104.811,95.4546,38.6005,18.9737,2.3895,0.491539,0.647518,0.910729,0.880863,24.4497,0.537069,12,3.21671,39.125,3.26042
442,37.5,40,24.7279,23.9706,8.94427,5.83095,1.531,0.65192,0.820131,0.969374,0.9375,6.90988,0.770665,6,1.49071,6.25,1.04167
443,50.5,56.5,31.5563,30.0962,12.53,6.32456,2.22792,0.504754,0.700611,0.95373,0.893805,8.01864,0.637276,1,12.53,50.5,50.5
444,37.5,41,32.0416,31.0324,14.1421,4.12311,3.40602,0.291548,0.48934,0.968502,0.914634,6.90988,0.458999,13,1.08786,2.88462,0.221893
445,63,70,33.799,31.6702,12.1655,8,1.72892,0.657596,0.789312,0.937016,0.9,8.95623,0.693016,6,2.02759,10.5,1.75
446,25.5,32,27.5563,25.9497,11.6619,4.24264,3.2459,0.363803,0.475868,0.941695,0.796875,5.69804,0.421994,10,1.16619,2.55,0.255
447,38.5,47.5,36.3848,33.4026,15.6525,5,3.86044,0.319438,0.433621,0.918038,0.810526,7.00141,0.365453,14,1.11803,2.75,0.196429
448,8,12.5,16.4853,13.9907,5.65685,3.60555,2.17524,0.637377,0.513595,0.848679,0.64,3.19154,0.369919,4,1.41421,2,0.5
449,116,178,66.7696,54.6287,22.2036,11.1803,34.9506,0.503537,0.488457,0.818167,0.651685,12.153,0.326972,21,1.05731,5.52381,0.263039
450,67,130,74.0833,51.5051,22.3607,8.06226,22.5573,0.360555,0.317383,0.695233,0.515385,9.23618,0.153407,20,1.11803,3.35,0.1675
451,13.5,26,30.3848,25.5709,12.083,3.60555,11.7525,0.298398,0.259448,0.84157,0.519231,4.14593,0.183752,12,1.00692,1.125,0.09375
452,109.5,134,55.3553,43.3123,15.8114,11.0454,43.6871,0.69857,0.733503,0.782441,0.817164,11.8076,0.449061,17,0.930082,6.44118,0.378893
453,37,43.5,28.4853,27.1199,10.4403,5,24.764,0.478913,0.632173,0.952066,0.850575,6.86366,0.573021,10,1.04403,3.7,0.37
454,67.5,91.5,48.8701,36.2374,13.4536,9.84886,33.8654,0.73206,0.645951,0.741505,0.737705,9.27058,0.355163,12,1.12114,5.625,0.46875
455,371.5,467.5,99.1543,82.1984,30.4138,21.6333,72.1754,0.711299,0.690942,0.828995,0.794652,21.7488,0.474838,30,1.01379,12.3833,0.412778
456,2.5,3,7.41421,7.23607,2.82843,2,10.0379,0.707107,0.599991,0.975972,0.833333,1.78412,0.571505,2,1.41421,1.25,0.625
457,44,48.5,26.9706,25.7384,9.48683,7.07107,29.7715,0.745356,0.834638,0.954316,0.907216,7.48482,0.760121,6,1.58114,7.33333,1.22222
458,24.5,27,20.7279,19.7213,7.61577,5,22.1183,0.656532,0.791594,0.951439,0.907407,5.58519,0.71658,6,1.2693,4.08333,0.680556
459,103.5,199.5,68.1838,57.0764,22.2036,13.4536,31.4905,0.605921,0.399243,0.837097,0.518797,11.4796,0.279762,24,0.92515,4.3125,0.179688
460,115,189,84.4264,68.1828,30.5941,7.81025,26.9204,0.255286,0.310855,0.807601,0.608466,12.1005,0.202745,31,0.986907,3.70968,0.119667
461,38,47,29.799,25.5767,9.43398,6.7082,27.162,0.711068,0.729972,0.858306,0.808511,6.9558,0.537762,7,1.34771,5.42857,0.77551
462,451.5,699.5,155.095,99.1876,33.6006,30.4795,82.5729,0.907112,0.576704,0.639526,0.645461,23.9764,0.235868,46,0.730448,9.81522,0.213374
463,842.5,1318,212.551,136.268,48.2701,38.6264,102.59,0.800215,0.570157,0.641104,0.639226,32.7522,0.234343,58,0.832243,14.5259,0.250446
464,7861,12524.5,1183.39,420.439,153.219,106.607,289.671,0.695781,0.558833,0.355283,0.62765,100.045,0.0705393,181,0.846513,43.4309,0.23995
465,551.5,994.5,216.208,126.479,46.6476,32.0624,72.6048,0.687333,0.43323,0.584987,0.55455,26.4989,0.148256,59,0.790638,9.34746,0.158431
466,63,74,35.799,33.7768,13.3417,9.21954,30.4821,0.691034,0.693925,0.943514,0.851351,8.95623,0.617744,13,1.02628,4.84615,0.372781
467,260.5,288,71.6985,66.0008,25.4951,14.8661,61.6363,0.583095,0.751483,0.920533,0.904514,18.2121,0.636792,20,1.27475,13.025,0.65125
468,10,10,11.6569,11.6569,4.12311,3,17.1631,0.727607,0.924799,1,1,3.56825,0.924799,2,2.06155,5,2.5
469,35,41,26.9706,24.2978,9.21954,6.08276,24.9373,0.659768,0.744976,0.900902,0.853659,6.67558,0.604641,1,9.21954,35,35
470,142.5,178,59.6985,50.5327,18.7883,12.8062,47.0372,0.681608,0.701261,0.846465,0.800562,13.4698,0.502456,16,1.17427,8.90625,0.556641
471,286.5,377,93.0122,76.4971,29.2746,19.7231,60.7593,0.673728,0.615241,0.822441,0.759947,19.0993,0.416155,28,1.04552,10.2321,0.365434
472,269.5,345,87.4975,71.143,26.6833,17.0294,61.4206,0.638203,0.669121,0.813086,0.781159,18.524,0.442362,26,1.02628,10.3654,0.398669
473,6896,11624,978.029,412.476,159.239,104.484,237.848,0.656149,0.509343,0.421742,0.593255,93.703,0.090595,195,0.816609,35.3641,0.181354
474,56,73,37.799,33.6653,12.8062,7.81025,29.0949,0.609878,0.620914,0.890641,0.767123,8.44402,0.492535,13,0.985096,4.30769,0.331361
475,94,121,55.1127,49.6678,21.095,10,28.9659,0.474045,0.478837,0.901205,0.77686,10.94,0.388897,20,1.05475,4.7,0.235
476,120.5,138,50.0416,46.4806,18.868,10.198,39.8324,0.540495,0.700897,0.928838,0.873188,12.3865,0.604692,12,1.57233,10.0417,0.836806
477,171,290,92.0833,72.2172,28.6356,16,39.1405,0.558744,0.412026,0.78426,0.589655,14.7555,0.253422,29,0.987436,5.89655,0.203329
478,221,285,78.4264,65.2129,25.4951,15.6205,53.2721,0.612686,0.653033,0.831517,0.775439,16.7746,0.451521,23,1.10848,9.6087,0.417769
479,1195.5,1527,204.551,146.131,53.3667,40.1123,129.788,0.751637,0.70352,0.714396,0.782908,39.0148,0.35905,51,1.04641,23.4412,0.459631
480,333.5,464.5,112.468,83.5903,29.1204,24.0832,69.8503,0.82702,0.599783,0.743236,0.717976,20.6064,0.33132,33,0.882438,10.1061,0.306244
481,414.5,504.5,117.296,85.5813,30.5287,24.0416,81.4423,0.78751,0.711176,0.729615,0.821606,22.973,0.378586,32,0.954021,12.9531,0.404785
482,2656.5,5130,629.879,279.505,104.785,72.4017,137.86,0.690951,0.427309,0.443743,0.517836,58.1581,0.0841405,114,0.919171,23.3026,0.204409
483,22.5,23,17.8995,17.7213,6.32456,5,23.6818,0.790569,0.900324,0.990047,0.978261,5.35237,0.882492,3,2.10819,7.5,2.5
484,1118,1475,224.108,148.565,59.2115,39.3192,110.779,0.664047,0.636528,0.662919,0.757966,37.7291,0.27973,66,0.897144,16.9394,0.256657
485,81,107.5,44.6274,39.6803,14.5602,11.6619,36.6783,0.800943,0.646464,0.889147,0.753488,10.1554,0.511083,13,1.12002,6.23077,0.47929
486,206.5,234,64.5269,57.3597,21.6333,13.8924,57.502,0.642178,0.788707,0.888927,0.882479,16.2149,0.62323,20,1.08167,10.325,0.51625
487,1856,2347.5,256.25,192.388,65.215,56.0803,163.07,0.859929,0.63013,0.750785,0.790628,48.6121,0.35519,69,0.945145,26.8986,0.389834
488,223,239.5,61.1127,57.1495,21.1896,14.5602,62.8115,0.687139,0.858004,0.93515,0.931106,16.8503,0.750329,14,1.51354,15.9286,1.13776
489,146.5,179,60.0416,52.8435,21.4709,13.1529,42.8959,0.612594,0.659273,0.880114,0.818436,13.6576,0.510673,20,1.07355,7.325,0.36625
490,199,241,67.598,59.2649,20.8806,17.0294,57.5109,0.81556,0.711979,0.876726,0.825726,15.9177,0.547262,17,1.22827,11.7059,0.688581
491,26,35,26.9706,23.0908,8.544,5.65685,21.979,0.662085,0.612779,0.856149,0.742857,5.75363,0.449162,10,0.8544,2.6,0.26
492,33.5,38.5,25.8995,24.5645,9.21954,6.32456,25.5321,0.685994,0.697651,0.948456,0.87013,6.53097,0.627584,8,1.15244,4.1875,0.523438
493,66,69.5,32.1421,31.3969,12.0416,8.06226,34.1743,0.669534,0.841359,0.976813,0.94964,9.167,0.802794,7,1.72023,9.42857,1.34694
494,33.5,35.5,24.7279,23.5432,9.89949,5,23.4303,0.505076,0.759493,0.95209,0.943662,6.53097,0.688461,6,1.64992,5.58333,0.930556
495,1021,1280,218.108,165.559,69.3542,24.6982,85.6443,0.356117,0.468091,0.75907,0.797656,36.0552,0.269708,66,1.05082,15.4697,0.234389
496,46.5,70,44.0416,39.6607,18.3848,6.7082,19.0688,0.364878,0.371486,0.900527,0.664286,7.69452,0.301256,16,1.14905,2.90625,0.181641
