Particle_no,Perimeter,Convex_Perimeter,Area,Convex area,Solidity,Convexity,Equi_diameter,Circularity,Compactness,Min_Feret,Max_Feret,Aspect_ratio,Feret_aspect_ratio,Fiber_length,Curl,Average_fiber_diameter,Fiber_elongation
0,156.853,91.7011,337,542,0.621771,0.584632,20.7143,0.503605,0.172129,21.6333,38.0789,56.0713,0.568118,42,0.90664,8.02381,0.191043
1,75.598,66.3358,259,295,0.877966,0.877481,18.1595,0.739629,0.569494,18.0278,25.6125,61.5969,0.703866,22,1.1642,11.7727,0.535124
2,29.5563,28.2827,46.5,52.5,0.885714,0.956908,7.69452,0.730501,0.6689,6.40312,11.4018,27.2523,0.561591,5,2.28035,9.3,1.86
3,10.2426,10.2426,5.5,5.5,1,1,2.64628,0.658793,0.658793,2.23607,4.47214,11.0565,0.5,5,0.894427,1.1,0.22
4,25.3137,23.0088,22,30,0.733333,0.908945,5.29257,0.522211,0.431441,5.09902,9.84886,17.5213,0.517727,9,1.09432,2.44444,0.271605
5,57.3553,47.8958,97.5,136.5,0.714286,0.835071,11.1419,0.534097,0.372449,9.84886,20.2485,31.8147,0.4864,19,1.06571,5.13158,0.270083
6,49.2132,45.3207,102.5,120.5,0.850622,0.920905,11.424,0.627105,0.531827,8.60233,19.105,34.9796,0.450266,15,1.27366,6.83333,0.455556
7,72.1838,66.793,236.5,267.5,0.884112,0.925319,17.3528,0.666161,0.570377,15.6205,26.2488,54.777,0.595094,19,1.38152,12.4474,0.655125
8,19.8995,18.2847,17.5,22,0.795455,0.918852,4.72035,0.657768,0.555346,4.47214,7,18.9074,0.638877,7,1,2.5,0.357143
9,28.1421,24.7532,36,43.5,0.827586,0.879578,6.77028,0.738329,0.571213,7.07107,8.544,28.3423,0.827606,7,1.22057,5.14286,0.734694
10,139.64,81.1916,279.5,464,0.602371,0.581437,18.8645,0.532806,0.180125,23.1948,27.8029,63.9867,0.83426,34,0.817732,8.22059,0.241782
11,39.799,36.32,73,84.5,0.863905,0.912586,9.64088,0.69541,0.579147,8,14.7648,32.1965,0.541828,9,1.64054,8.11111,0.901235
12,65.1127,49.0874,118,166,0.710843,0.753884,12.2573,0.615392,0.349752,12.53,18.2483,42.1898,0.686638,18,1.01379,6.55556,0.364198
13,33.3137,31.8559,60,66.5,0.902256,0.956238,8.74039,0.74299,0.679384,7.07107,12.1655,31.8863,0.581238,9,1.35173,6.66667,0.740741
14,10.8284,10.6503,6,6.5,0.923077,0.983548,2.76395,0.66472,0.643029,2.23607,4.47214,12.0598,0.5,4,1.11803,1.5,0.375
15,35.5563,33.8769,51.5,59.5,0.865546,0.952765,8.09764,0.563911,0.511897,6.08276,15.2971,23.4817,0.397643,16,0.956066,3.21875,0.201172
16,52.2843,49.0344,99,120.5,0.821577,0.937842,11.2272,0.51742,0.455096,8,21.9317,29.595,0.364769,18,1.21843,5.5,0.305556
17,22.7279,21.1263,24.5,29,0.844828,0.929529,5.58519,0.689811,0.596014,4.24264,8.06226,21.5642,0.526235,5,1.61245,4.9,0.98
18,28.1421,24.3095,25,37.5,0.666667,0.863813,5.6419,0.531614,0.396676,5.09902,9.48683,19.6714,0.537484,11,0.862439,2.27273,0.206612
19,18.4853,18.0552,20,21.5,0.930233,0.976734,5.04627,0.770966,0.735509,4.12311,7.28011,19.4956,0.566352,7,1.04002,2.85714,0.408163
20,60.1838,49.2743,127.5,165,0.772727,0.818731,12.7412,0.659901,0.442345,12.2066,18.0278,45.1101,0.677098,17,1.06046,7.5,0.441176
21,21.8995,20.4628,25.5,28.5,0.894737,0.934398,5.69804,0.765276,0.668162,5.83095,7.61577,23.4194,0.765641,6,1.2693,4.25,0.708333
22,25.3137,23.3006,32,38,0.842105,0.920472,6.38308,0.740674,0.62755,6.32456,8.94427,24.7398,0.707107,6,1.49071,5.33333,0.888889
23,82.5269,70.495,178.5,218,0.818807,0.854206,15.0756,0.451369,0.329349,10.198,31.0644,37.4643,0.328286,32,0.970764,5.57813,0.174316
24,116.711,94.6818,496,572,0.867133,0.811252,25.1302,0.695279,0.457583,20.5183,38.8973,74.2717,0.527499,37,1.05128,13.4054,0.362308
25,71.598,59.4258,169,199.5,0.847118,0.829993,14.6689,0.601377,0.414281,10.4403,25.4951,41.8396,0.409503,27,0.944263,6.25926,0.231824
26,40.6274,36.9389,81,96,0.84375,0.909211,10.1554,0.745981,0.616675,9.48683,13.6015,37.2425,0.697486,9,1.51127,9,1
27,61.4558,56.2258,135,182.5,0.739726,0.914898,13.1106,0.536627,0.449177,10.198,22.3607,38.7337,0.45607,22,1.01639,6.13636,0.278926
28,34.3848,27.3247,25.5,47,0.542553,0.794673,5.69804,0.429181,0.27103,5.83095,10.2956,20.2333,0.566352,10,1.02956,2.55,0.255
29,88.3259,60.8475,156.5,236,0.663136,0.688898,14.116,0.531176,0.252086,15.1327,22.0907,44.5,0.685027,22,1.00412,7.11364,0.323347
30,104.811,71.2196,195.5,320.5,0.609984,0.679503,15.7771,0.484349,0.223636,17.8885,28.6531,44.6407,0.624314,32,0.895409,6.10938,0.190918
31,106.426,94.0311,329,424,0.775943,0.883531,20.4669,0.467588,0.365012,16.4012,41.3038,49.0047,0.397088,43,0.960552,7.65116,0.177934
32,62.2843,57.1145,183,201,0.910448,0.916998,15.2644,0.704965,0.592795,12.0416,23.3452,47.883,0.515805,18,1.29696,10.1667,0.564815
33,12.2426,11.8863,7.5,8.5,0.882353,0.970898,3.09019,0.667074,0.628812,3.60555,4.47214,14.0698,0.806226,4,1.11803,1.875,0.46875
34,135.095,116.26,274.5,411,0.667883,0.86058,18.695,0.255205,0.189004,9.84886,55.4437,32.4423,0.177637,44,1.26008,6.23864,0.141787
35,67.3553,58.7067,197.5,236.5,0.835095,0.871597,15.8576,0.720115,0.547057,14.3178,22.8035,52.8215,0.627878,16,1.42522,12.3438,0.771484
36,79.598,64.7528,213,291,0.731959,0.813498,16.4682,0.638371,0.42246,18.2483,24.4131,53.3309,0.747479,25,0.976524,8.52,0.3408
37,66.2843,57.849,187,215.5,0.867749,0.872741,15.4304,0.702199,0.534848,13.0384,23.8537,48.5166,0.546598,18,1.32521,10.3889,0.57716
38,120.125,82.1373,261.5,438.5,0.596351,0.683766,18.247,0.48708,0.227728,21.6333,30.5287,54.2949,0.708623,35,0.872248,7.47143,0.213469
39,430.701,221.96,1528,2521.5,0.605988,0.515345,44.1079,0.38975,0.10351,34.0588,98.4073,92.1788,0.3461,92,1.06964,16.6087,0.180529
40,90.9117,58.4956,134,230,0.582609,0.643434,13.0619,0.492116,0.203739,17.4929,19.9249,45.8257,0.877941,27,0.737958,4.96296,0.183813
41,45.2132,41.517,108.5,121,0.896694,0.91825,11.7536,0.791019,0.666974,10.7703,15.2971,43.8461,0.704078,12,1.27475,9.04167,0.753472
42,53.9411,48.2032,110,139,0.791367,0.893627,11.8345,0.594909,0.475075,11.6619,19.4165,35.5727,0.600619,19,1.02192,5.78947,0.304709
43,587.37,338.457,1442.5,4477.5,0.322166,0.576224,42.8561,0.158241,0.0525415,64.3817,154.052,58.1089,0.417922,162,0.950938,8.90432,0.0549649
44,43.2132,34.4679,56.5,76,0.743421,0.797625,8.48163,0.597624,0.380212,7.61577,13.8924,28.114,0.548195,13,1.06865,4.34615,0.33432
45,92.9117,66.192,191,265,0.720755,0.712419,15.5945,0.547813,0.278037,15.8114,26.4197,46.5543,0.59847,28,0.94356,6.82143,0.243622
46,52.0416,47.2372,107.5,131.5,0.81749,0.907681,11.6993,0.60541,0.498789,10.0499,19.105,35.8949,0.526035,20,0.955249,5.375,0.26875
47,25.5563,24.7055,36.5,40,0.9125,0.966706,6.81713,0.751478,0.702272,5.65685,9.84886,24.7359,0.574367,7,1.40698,5.21429,0.744898
48,61.1127,45.4422,104,139.5,0.74552,0.743581,11.5073,0.632884,0.349929,11.0454,17.2047,39.8271,0.641999,20,0.860233,5.2,0.26
49,63.3553,47.246,77.5,135,0.574074,0.745731,9.93358,0.436296,0.24263,14.2127,16.7631,33.052,0.847857,20,0.838153,3.875,0.19375
50,96.669,56.5508,147.5,224,0.658482,0.584994,13.7041,0.579595,0.198348,14.8661,21.4709,46.6929,0.692382,31,0.69261,4.75806,0.153486
51,123.439,83.5087,209.5,419,0.5,0.67652,16.3323,0.377512,0.172779,19.8494,34.8855,38.9774,0.568988,33,1.05714,6.34848,0.192378
52,32.9706,29.6192,48,57.5,0.834783,0.898354,7.81764,0.687548,0.554879,7.81025,11.1803,28.9196,0.69857,9,1.24226,5.33333,0.592593
53,100.468,57.5674,137.5,234,0.587607,0.572992,13.2314,0.521386,0.171181,15.1327,21.6333,42.3749,0.699511,25,0.865332,5.5,0.22
54,44.8701,34.0488,60.5,85,0.711765,0.758831,8.77673,0.655786,0.377617,9.43398,12.2066,33.0539,0.772862,13,0.938966,4.65385,0.357988
55,37.5563,34.616,67.5,76,0.888158,0.921709,9.27058,0.70788,0.601377,7.07107,13.6015,31.1621,0.519875,13,1.04627,5.19231,0.399408
56,215.966,155.46,1102,1550.5,0.710738,0.719837,37.4581,0.573,0.296909,33.5261,56.5155,113.955,0.59322,67,0.843515,16.4478,0.245489
57,40.2843,35.1503,59,80,0.7375,0.872558,8.66724,0.600071,0.456868,8.60233,13.3417,29.324,0.644772,11,1.21288,5.36364,0.487603
58,82.5685,67.9407,280,331.5,0.844646,0.82284,18.8814,0.762268,0.516106,19.2354,24.3516,69.3971,0.789903,26,0.9366,10.7692,0.414201
59,34.3848,32.8956,63.5,70.5,0.900709,0.956691,8.9917,0.737408,0.674918,7.61577,13.3417,30.2888,0.570826,1,13.3417,63.5,63.5
60,23.8995,22.5366,29.5,33,0.893939,0.942975,6.12867,0.729884,0.649015,5.38516,8.94427,23.0539,0.60208,6,1.49071,4.91667,0.819444
61,90.0833,61.8032,140,199,0.703518,0.686067,13.3512,0.460592,0.216795,9.84886,27.1662,35.0033,0.362541,25,1.08665,5.6,0.224
62,17.5563,15.6569,9.5,13,0.730769,0.891806,3.4779,0.486995,0.387316,2.82843,6.40312,12.6364,0.441726,5,1.28062,1.9,0.38
63,35.2132,31.8586,50.5,64.5,0.782946,0.904734,8.01864,0.625242,0.511788,8.06226,12.1655,27.6554,0.662714,12,1.01379,4.20833,0.350694
64,54.8701,48.3698,86.5,113,0.765487,0.881534,10.4945,0.464598,0.36104,7.28011,21.095,27.6141,0.34511,20,1.05475,4.325,0.21625
65,38.8701,35.0255,80.5,91.5,0.879781,0.901092,10.124,0.824589,0.669538,10,12.3693,40.1959,0.808452,9,1.37437,8.94444,0.993827
66,17.0711,14.5373,6.5,11.5,0.565217,0.851576,2.87681,0.386505,0.280286,3,5.83095,12.0691,0.514496,5,1.16619,1.3,0.26
67,21.3137,20.6018,22,25.5,0.862745,0.966599,5.29257,0.651361,0.608576,5,8.24621,19.2445,0.606339,7,1.17803,3.14286,0.44898
68,40.3848,39.5382,109.5,115.5,0.948052,0.979038,11.8076,0.880216,0.843701,12.0416,13.4164,49.7048,0.897527,3,4.47214,36.5,12.1667
69,119.64,105.264,373.5,455.5,0.819978,0.879842,21.8072,0.423585,0.327907,13.0384,49.0408,46.8368,0.265869,45,1.0898,8.3,0.184444
70,77.2548,61.9569,207,243.5,0.850103,0.801981,16.2345,0.677642,0.435842,12.3693,24.7386,51.7094,0.5,25,0.989545,8.28,0.3312
71,97.0122,77.6032,210.5,317,0.664038,0.799932,16.3712,0.439241,0.281067,13.6015,32.311,42.2635,0.420955,29,1.11417,7.25862,0.250297
72,8.82843,8.82843,5,5,1,1,2.52313,0.806145,0.806145,2.23607,3.16228,13.2096,0.707107,3,1.05409,1.66667,0.555556
73,64.1838,45.9153,73.5,132.5,0.554717,0.715372,9.67384,0.438109,0.224206,9.43398,18.0278,29.0194,0.523303,17,1.06046,4.32353,0.254325
74,106.711,64.6902,122,248,0.491935,0.60622,12.4634,0.366347,0.134634,12.083,26.4197,33,0.45735,32,0.825615,3.8125,0.119141
75,14.4853,14.3071,12,12.5,0.96,0.987702,3.90882,0.736692,0.718683,3.16228,5.83095,15.2872,0.542326,4,1.45774,3,0.75
76,25.3137,23.6662,25,32,0.78125,0.934917,5.6419,0.560909,0.490273,5,9.21954,19.9164,0.542326,8,1.15244,3.125,0.390625
77,38.0416,35.1302,74.5,85,0.876471,0.923467,9.73942,0.758587,0.646916,8.94427,12.8062,35.0725,0.69843,12,1.06719,6.20833,0.517361
78,25.5563,23.0647,29.5,35,0.842857,0.902502,6.12867,0.696848,0.567589,5.09902,9.21954,22.2276,0.553066,7,1.31708,4.21429,0.602041
79,66.5269,51.7079,140.5,177.5,0.791549,0.777248,13.375,0.660347,0.398925,13.0384,19.4165,45.9973,0.671512,21,0.924595,6.69048,0.318594
80,48.2843,41.1435,77,105.5,0.729858,0.85211,9.90149,0.571608,0.415039,10,16.6433,30.4388,0.600842,12,1.38694,6.41667,0.534722
81,87.4975,75.5885,310.5,357,0.869748,0.863894,19.8832,0.682904,0.50966,14.4222,31.3847,59.4383,0.45953,27,1.1624,11.5,0.425926
82,44.6274,39.3028,88,108.5,0.81106,0.880688,10.5851,0.715888,0.555251,10.0499,15.2315,36.479,0.659807,7,2.17594,12.5714,1.79592
83,112.225,81.7688,284,374.5,0.758344,0.728613,19.0158,0.533768,0.283365,13.9284,35.8469,49.6395,0.388552,33,1.08627,8.60606,0.26079
84,152.167,94.7045,408,594,0.686869,0.622374,22.7921,0.571648,0.221428,21.4009,38.2753,64.3617,0.559131,41,0.933544,9.95122,0.242713
85,75.8406,66.4198,194.5,246,0.79065,0.875781,15.7367,0.554032,0.424938,13.1529,28.6531,42.3051,0.459041,24,1.19388,8.10417,0.337674
86,29.5563,27.659,32.5,40.5,0.802469,0.935807,6.43275,0.533849,0.467511,6.32456,12.083,19.6262,0.523424,11,1.09846,2.95455,0.268595
87,50.9706,47.3673,139,152.5,0.911475,0.929306,13.3034,0.778517,0.672335,12.6491,18.3576,47.0946,0.689041,13,1.41212,10.6923,0.822485
88,10.8284,10.3983,5,6.5,0.769231,0.960282,2.52313,0.581101,0.535857,2.23607,4.24264,11.5556,0.527046,4,1.06066,1.25,0.3125
89,93.7401,62.2769,161,263,0.612167,0.664357,14.3175,0.521653,0.230242,14.1421,23.4094,44.4453,0.604122,24,0.975392,6.70833,0.279514
90,71.9411,64.0699,186,211.5,0.879433,0.890589,15.389,0.569396,0.451615,10.0499,27.6586,42.1105,0.363354,25,1.10635,7.44,0.2976
91,23.3137,21.6766,25,28.5,0.877193,0.92978,5.6419,0.668601,0.577999,5,8.94427,20.2416,0.559017,9,0.993808,2.77778,0.308642
92,168.853,107.953,373,696,0.53592,0.639331,21.7926,0.402208,0.1644,24.5967,41.8808,57.0171,0.587304,50,0.837616,7.46,0.1492
93,39.799,33.3283,51,66.5,0.766917,0.837415,8.05824,0.576971,0.404609,6.08276,13.3417,26.7603,0.455922,14,0.952976,3.64286,0.260204
94,71.4975,61.7093,173.5,248.5,0.698189,0.863098,14.8629,0.572542,0.426509,14.3178,22.8254,47.1282,0.627275,21,1.08692,8.2619,0.393424
95,52.6274,48.3707,109,128.5,0.848249,0.919117,11.7806,0.585424,0.494552,8.60233,21.2603,33.4996,0.404619,18,1.18113,6.05556,0.33642
96,92.4264,68.3166,144,231.5,0.62203,0.739146,13.5406,0.387722,0.211826,12.0416,31.0644,32.1997,0.387633,26,1.19479,5.53846,0.213018
97,48.2843,37.3701,59,90,0.655556,0.77396,8.66724,0.530901,0.318017,10,14.5602,28.8783,0.686803,14,1.04002,4.21429,0.30102
98,10.8284,10.6503,3,3.5,0.857143,0.983548,1.95441,0.33236,0.321514,2.23607,5,8.25152,0.447214,6,0.833333,0.5,0.0833333
99,16.4853,15.74,9,12.5,0.72,0.954791,3.38514,0.456502,0.416159,2.82843,7.07107,11.5833,0.4,7,1.01015,1.28571,0.183673
100,129.196,93.3779,485,609.5,0.795734,0.722762,24.85,0.698978,0.365135,21.2603,35.8469,80.0339,0.593086,34,1.05432,14.2647,0.41955
101,217.865,131.401,604.5,1048.5,0.576538,0.603132,27.743,0.439953,0.160041,38.2099,47.1699,75.3083,0.810049,50,0.943398,12.09,0.2418
102,206.794,145.378,822,1288,0.638199,0.703009,32.3512,0.488747,0.241549,38.8973,56.0357,87.8322,0.694152,59,0.949758,13.9322,0.236139
103,101.882,64.6853,224,304.5,0.735632,0.634903,16.888,0.672739,0.271182,17.0294,22.8473,60.7354,0.745356,22,1.03851,10.1818,0.46281
104,111.782,62.0054,160.5,270.5,0.593346,0.554701,14.2953,0.524597,0.161415,16.1555,22.0907,47.4467,0.731325,24,0.920447,6.6875,0.278646
105,176.066,77.7158,184.5,427,0.432084,0.441402,15.3269,0.383873,0.074792,20,29.4109,43.9704,0.68002,38,0.773971,4.85526,0.12777
106,17.0711,16.8191,15.5,16.5,0.939394,0.985242,4.44243,0.688548,0.668375,3,7.07107,16.3514,0.424264,6,1.17851,2.58333,0.430556
107,50.8701,41.0715,96.5,115.5,0.835498,0.80738,11.0846,0.71888,0.468611,10.6301,16.2788,38.9168,0.653005,16,1.01743,6.03125,0.376953
108,80.669,58.9166,84.5,150,0.563333,0.730349,10.3725,0.305909,0.163175,7.61577,27.0185,22.5687,0.281872,24,1.12577,3.52083,0.146701
109,38.9706,33.8202,60,77,0.779221,0.867839,8.74039,0.659188,0.496464,8.94427,13.0384,30.8029,0.685994,12,1.08653,5,0.416667
110,30.9706,26.0581,26,38.5,0.675325,0.841382,5.75363,0.48117,0.340632,5.38516,11.0454,18.2779,0.48755,12,0.920447,2.16667,0.180556
111,116.225,105.226,388,463,0.838013,0.905362,22.2265,0.440347,0.360944,12.083,47.5079,49.6387,0.254338,40,1.1877,9.7,0.2425
112,22.7279,20.1488,22.5,27.5,0.818182,0.88652,5.35237,0.69646,0.54736,5.38516,7.2111,22.2835,0.746788,7,1.03016,3.21429,0.459184
113,121.296,94.5712,411.5,550.5,0.747502,0.77967,22.8897,0.578179,0.351466,21.095,36.2215,68.6419,0.582389,36,1.00615,11.4306,0.317515
114,35.5563,32.7156,60.5,71.5,0.846154,0.920107,8.77673,0.710321,0.601355,7.81025,12.1655,31.7541,0.641999,8,1.52069,7.5625,0.945313
115,25.3137,24.075,38,42,0.904762,0.951064,6.9558,0.823877,0.745216,6.7082,8.60233,28.7002,0.779813,3,2.86744,12.6667,4.22222
116,75.3553,58.9295,174.5,224,0.779018,0.782021,14.9057,0.631452,0.386169,12.083,24.3516,45.4296,0.496191,20,1.21758,8.725,0.43625
117,108.569,77.2971,246,374,0.657754,0.711966,17.6979,0.517391,0.262263,17.8045,32.0156,48.8175,0.556119,26,1.23137,9.46154,0.363905
118,15.6569,15.6569,15,15,1,1,4.37019,0.768939,0.768939,3.16228,6.08276,17.841,0.519875,3,2.02759,5,1.66667
119,61.9411,54.3027,142,175,0.811429,0.876683,13.4462,0.605139,0.465093,11.4018,22.8035,39.2952,0.5,16,1.42522,8.875,0.554688
120,7.41421,7.41421,2.5,2.5,1,1,1.78412,0.571505,0.571505,1,3.16228,9.24891,0.316228,4,0.790569,0.625,0.15625
121,79.4975,66.3536,245.5,302.5,0.81157,0.834663,17.6799,0.7007,0.488152,17.4642,24.1868,61.3804,0.722058,26,0.930261,9.44231,0.363166
122,132.953,97.889,260.5,569.5,0.457419,0.736266,18.2121,0.341625,0.185191,25.1794,39.0512,43.6101,0.644777,47,0.830878,5.54255,0.117927
123,57.3553,53.6851,186.5,201,0.927861,0.936009,15.4097,0.813168,0.712428,12.0416,19.3132,57.2962,0.62349,5,3.86264,37.3,7.46
124,22.7279,21.3203,24.5,29.5,0.830508,0.938068,5.58519,0.677311,0.596014,4.47214,8.544,20.4797,0.523424,5,1.7088,4.9,0.98
125,239.865,151.622,612.5,1054,0.58112,0.632116,27.926,0.334803,0.133777,21.095,68.6222,56.2126,0.307408,66,1.03973,9.2803,0.140611
126,55.9411,44.2949,87,122.5,0.710204,0.791813,10.5248,0.557213,0.349355,9.48683,18.0278,32.0437,0.526235,12,1.50231,7.25,0.604167
127,36.3848,33.0219,68.5,75,0.913333,0.907575,9.339,0.789398,0.650221,8.06226,12.6491,34.4217,0.637377,9,1.40546,7.61111,0.845679
128,56.6274,51.2863,59,93.5,0.631016,0.905681,8.66724,0.281876,0.231211,6,22.8473,19.6282,0.262613,24,0.951972,2.45833,0.102431
129,31.5563,27.2576,20.5,33,0.621212,0.863775,5.10895,0.346728,0.258696,4.12311,12.083,14.5063,0.341231,1,12.083,20.5,20.5
130,64.7696,50.1957,145,187,0.775401,0.774989,13.5875,0.723178,0.434346,14.8661,17.4929,51.4639,0.849837,21,0.832993,6.90476,0.328798
131,61.598,54.0244,116,144,0.805556,0.877048,12.153,0.499446,0.38418,8.48528,24.0416,31.6777,0.352941,19,1.26535,6.10526,0.32133
132,63.9411,55.1821,170,214.5,0.792541,0.863014,14.7123,0.701556,0.522514,12.6491,20.6155,50.1607,0.613572,20,1.03078,8.5,0.425
133,30.9706,28.425,47,55,0.854545,0.917808,7.73578,0.73098,0.615757,7.81025,10.198,29.6569,0.765858,9,1.13312,5.22222,0.580247
134,166.652,114.332,557,825,0.675152,0.686056,26.6307,0.535459,0.252026,26.2488,45.3542,74.0476,0.578752,46,0.98596,12.1087,0.263233
135,161.581,96.868,347.5,619.5,0.560936,0.599502,21.0345,0.465376,0.167257,22.0227,37.2156,59.8576,0.591761,42,0.886085,8.27381,0.196995
136,78.5269,66.4382,229.5,288,0.796875,0.846056,17.0941,0.653367,0.467687,15.0333,26.5707,53.5849,0.565786,28,0.948952,8.19643,0.29273
137,220.35,127.799,555.5,895,0.62067,0.579982,26.5948,0.427403,0.143769,22.2036,55.7136,62.7683,0.398531,51,1.09242,10.8922,0.213572
138,22.4853,21.8138,28,31,0.903226,0.970137,5.97082,0.739444,0.695939,5.09902,8.544,22.8201,0.596795,5,1.7088,5.6,1.12
139,10.2426,10.2426,6.5,6.5,1,1,2.87681,0.778573,0.778573,2.23607,4.12311,12.8723,0.542326,2,2.06155,3.25,1.625
140,87.1543,55.4547,128.5,202.5,0.634568,0.636281,12.7911,0.525094,0.212586,15,20.0998,42.8411,0.746278,25,0.80399,5.14,0.2056
141,48.8701,45.4208,100.5,113.5,0.885463,0.92942,11.312,0.612162,0.528799,7.61577,19.7231,32.8044,0.386135,16,1.23269,6.28125,0.392578
142,54.6274,49.5853,153,171,0.894737,0.907699,13.9573,0.781981,0.644288,11,18.7883,50.135,0.585471,8,2.34854,19.125,2.39063
143,16.4853,15.153,13,16,0.8125,0.919183,4.06843,0.711471,0.601119,4,5.38516,18.0997,0.742781,4,1.34629,3.25,0.8125
144,44.6274,42.3803,112,121,0.92562,0.949648,11.9416,0.783609,0.706683,10.6301,16.6433,41.1079,0.638704,1,16.6433,112,112
145,75.8406,46.076,57.5,138,0.416667,0.607537,8.55636,0.340352,0.125624,13.0384,17,27.7806,0.766965,20,0.85,2.875,0.14375
146,214.35,115.894,516.5,888.5,0.581317,0.540676,25.6443,0.483235,0.141264,26.9258,44.7772,57.8097,0.601329,54,0.829208,9.56481,0.177126
147,81.2548,69.9728,242,283.5,0.853616,0.861152,17.5535,0.621108,0.460603,13.3417,29.8329,49.3363,0.447214,27,1.10492,8.96296,0.331962
148,92.5269,82.3785,302.5,352,0.859375,0.890319,19.6254,0.560154,0.444016,12.3693,34.9285,53.1109,0.354133,30,1.16428,10.0833,0.336111
149,63.2548,50.7553,104,141,0.737589,0.802394,11.5073,0.507318,0.32663,9,21.1896,31.9472,0.424736,17,1.24645,6.11765,0.359862
150,134.125,93.4592,266.5,397.5,0.67044,0.696807,18.4206,0.383409,0.186161,12.1655,41.1096,42.4423,0.295929,44,0.934309,6.05682,0.137655
151,47.1127,42.2355,72,101.5,0.70936,0.896479,9.57461,0.507208,0.40763,7.81025,18.3576,26.4544,0.425451,15,1.22384,4.8,0.32
152,41.2132,35.5359,63.5,81.5,0.779141,0.862247,8.9917,0.631899,0.469798,8.06226,14.3178,29.3801,0.563093,12,1.19315,5.29167,0.440972
153,182.066,108.216,227.5,583,0.390223,0.594375,17.0195,0.244125,0.0862449,16.4924,45,34.3996,0.366498,47,0.957447,4.84043,0.102988
154,43.2132,41.4226,103.5,114.5,0.90393,0.958565,11.4796,0.758009,0.696494,9.43398,16.4012,39.043,0.5752,8,2.05015,12.9375,1.61719
155,28.7279,25.2948,35.5,45,0.788889,0.880497,6.72309,0.697227,0.540542,7.28011,8.60233,28.0739,0.846296,9,0.955814,3.94444,0.438272
156,180.894,117.398,456.5,813,0.561501,0.648985,24.1088,0.416228,0.175307,27.2029,48.0833,59.5082,0.565747,52,0.924678,8.77885,0.168824
157,33.5563,30.4525,52.5,62.5,0.84,0.907504,8.17588,0.711414,0.585895,7.2111,11.4018,30.1613,0.632456,10,1.14018,5.25,0.525
158,104.711,68.0136,248,328,0.756098,0.649538,17.7697,0.673705,0.284236,20.2237,22.6716,66.391,0.892031,26,0.871983,9.53846,0.366864
159,96.0833,80.1695,346,413,0.837772,0.834376,20.9891,0.676499,0.470967,21.4709,30.5941,67.7532,0.701799,25,1.22376,13.84,0.5536
160,30.1421,29.0871,51,57.5,0.886957,0.964998,8.05824,0.757494,0.705394,7,11.0454,29.7024,0.63375,8,1.38067,6.375,0.796875
161,13.8995,12.528,5.5,9,0.611111,0.901329,2.64628,0.44036,0.357746,3,5.09902,10.8358,0.588348,5,1.0198,1.1,0.22
162,75.2548,54.4105,107,186,0.575269,0.723017,11.672,0.45418,0.237424,15,20.5913,35.8465,0.728464,25,0.82365,4.28,0.1712
163,37.2132,35.8393,82.5,87.5,0.942857,0.963079,10.249,0.807135,0.748634,8.60233,13.9284,36.8818,0.617611,7,1.98977,11.7857,1.68367
164,44.2843,40.8803,102,111,0.918919,0.923134,11.3961,0.766975,0.653598,9.43398,15.8114,39.5425,0.596657,9,1.75682,11.3333,1.25926
165,99.7401,75.0836,333,401.5,0.82939,0.752793,20.591,0.742273,0.420644,19.9249,27.2029,71.2459,0.732452,25,1.08812,13.32,0.5328
166,19.0711,18.5366,21.5,23,0.934783,0.971977,5.23208,0.786297,0.742845,4,7,22.1179,0.571429,3,2.33333,7.16667,2.38889
167,46.8701,42.1502,104.5,122.5,0.853061,0.899299,11.5349,0.73914,0.597771,11.4018,16.1245,40.7907,0.707107,12,1.34371,8.70833,0.725694
168,91.7401,77.2663,242,331,0.731118,0.84223,17.5535,0.509384,0.361332,15,32.249,46.7821,0.46513,24,1.34371,10.0833,0.420139
169,34.9706,32.7755,58,66,0.878788,0.93723,8.59348,0.678485,0.595981,7.07107,13.0384,29.5317,0.542326,11,1.18531,5.27273,0.479339
170,22.1421,18.1942,11,17.5,0.628571,0.821699,3.74241,0.417578,0.281944,3.16228,8.06226,12.1486,0.392232,8,1.00778,1.375,0.171875
171,12.2426,11.8863,7.5,8.5,0.882353,0.970898,3.09019,0.667074,0.628812,2.82843,5,12.8333,0.565685,5,1,1.5,0.3
172,29.5563,27.5471,32.5,39.5,0.822785,0.93202,6.43275,0.538197,0.467511,4.47214,12.2066,19.2729,0.366372,10,1.22066,3.25,0.325
173,11.0711,10.2426,6.5,7.5,0.866667,0.925172,2.87681,0.778573,0.666414,2.82843,3.60555,14.3478,0.784465,3,1.20185,2.16667,0.722222
174,58.5269,52.6085,146.5,172,0.851744,0.898876,13.6576,0.665176,0.537448,16,17.72,50.7137,0.902932,18,0.984447,8.13889,0.45216
175,44.9706,41.0647,111,120,0.925,0.913145,11.8882,0.827173,0.689725,10.0499,15.6525,44.3174,0.642063,7,2.23607,15.8571,2.26531
176,26.7279,24.8865,19.5,25.5,0.764706,0.931105,4.98279,0.395655,0.343016,4.12311,11.6619,14.3834,0.353553,11,1.06017,1.77273,0.161157
177,60.7696,47.5285,88,132,0.666667,0.782111,10.5851,0.489535,0.299447,9.21954,20.1246,30.0654,0.458123,20,1.00623,4.4,0.22
178,22.1421,21.2979,26,29.5,0.881356,0.96187,5.75363,0.720297,0.666414,5.65685,7.61577,22.9747,0.742781,6,1.2693,4.33333,0.722222
180,6.82843,6.82843,3,3,1,1,1.95441,0.808518,0.808518,2,2.23607,11.8989,0.894427,2,1.11803,1.5,0.75
181,9.65685,9.65685,6,6,1,1,2.76395,0.808518,0.808518,2.23607,3.60555,13.1542,0.620174,3,1.20185,2,0.666667
182,10.2426,10.0645,6.5,7,0.928571,0.982607,2.87681,0.806379,0.778573,2.82843,3.60555,14.3478,0.784465,2,1.80278,3.25,1.625
183,19.6569,19.2136,16,18,0.888889,0.97745,4.51352,0.544644,0.520357,3.16228,8.06226,15.7932,0.392232,8,1.00778,2,0.25
184,29.5563,28.5658,33.5,40,0.8375,0.966485,6.53097,0.515897,0.481896,4.24264,12.8062,19.1359,0.331295,10,1.28062,3.35,0.335
185,12.2426,12.2426,9.5,9.5,1,1,3.4779,0.796495,0.796495,3.16228,5,14.6667,0.632456,3,1.66667,3.16667,1.05556
186,27.799,24.3653,28,39,0.717949,0.876482,5.97082,0.592685,0.455313,6.32456,9.48683,21.5302,0.666667,8,1.18585,3.5,0.4375
187,30.7279,28.9547,54.5,60,0.908333,0.942294,8.33016,0.816896,0.725337,8.06226,10.198,33.8847,0.790569,8,1.27475,6.8125,0.851563
188,39.799,35.9088,52,67,0.776119,0.902255,8.13686,0.50677,0.412543,6.32456,15.8114,23.0413,0.4,12,1.31762,4.33333,0.361111
189,8.82843,8.65028,4,4.5,0.888889,0.979821,2.25676,0.671753,0.644916,2.23607,3.16228,11.8908,0.707107,3,1.05409,1.33333,0.444444
190,43.6985,36.6188,38.5,59.5,0.647059,0.837989,7.00141,0.360796,0.25336,5,16.6433,18.0366,0.300421,17,0.979019,2.26471,0.133218
192,6.82843,6.82843,3,3,1,1,1.95441,0.808518,0.808518,1.41421,2.82843,10.0379,0.5,2,1.41421,1.5,0.75
193,46.0416,38.5439,63.5,90,0.705556,0.837153,8.9917,0.537121,0.376428,11.4018,13.8924,30.9593,0.820716,14,0.992317,4.53571,0.32398
194,54.8701,44.2116,70.5,120.5,0.585062,0.805751,9.47435,0.453238,0.294258,13.1529,15.2643,32.8434,0.861678,17,0.897902,4.14706,0.243945
195,6.82843,6.82843,2,2,1,1,1.59577,0.539012,0.539012,2,2.82843,8.6019,0.707107,3,0.942809,0.666667,0.222222
196,75.3553,54.3613,96.5,153,0.630719,0.7214,11.0846,0.410352,0.213555,9,23.3452,27.835,0.385518,24,0.972718,4.02083,0.167535
197,23.3137,20.9554,11,17.5,0.628571,0.898846,3.74241,0.314782,0.25432,2.82843,9.84886,11.1474,0.287183,9,1.09432,1.22222,0.135802
198,22.1421,21.2781,25,29,0.862069,0.960977,5.6419,0.693881,0.640783,5.38516,8.24621,21.0497,0.653047,7,1.17803,3.57143,0.510204
199,7.41421,7.41421,3.5,3.5,1,1,2.111,0.800106,0.800106,2,2.82843,11.4692,0.707107,2,1.41421,1.75,0.875
200,6,6,2,2,1,1,1.59577,0.698132,0.698132,1,2.23607,10.1966,0.447214,2,1.11803,1,0.5
201,52.2843,45.5288,83,121,0.68595,0.870793,10.28,0.503171,0.381545,11.1803,18.7883,30.0515,0.595069,19,0.988858,4.36842,0.229917
202,8.82843,8.65028,4,4.5,0.888889,0.979821,2.25676,0.671753,0.644916,2.23607,3.60555,10.7628,0.620174,3,1.20185,1.33333,0.444444
203,15.0711,14.5366,12.5,14,0.892857,0.964539,3.98942,0.743348,0.691563,3.60555,5.38516,17.2365,0.669534,2,2.69258,6.25,3.125
204,67.1127,54.6563,173,217,0.797235,0.814396,14.8415,0.727738,0.482666,16.0312,18.6011,57.2836,0.861844,20,0.930054,8.65,0.4325
205,11.6569,11.2558,6,7.5,0.8,0.965598,2.76395,0.595122,0.554879,2.82843,4.24264,12.6042,0.666667,5,0.848528,1.2,0.24
206,21.8995,21.0088,25.5,28,0.910714,0.959327,5.69804,0.726021,0.668162,5.09902,8.544,21.2695,0.596795,6,1.424,4.25,0.708333
207,42.8701,68.6156,77.5,238.5,0.324948,1.60055,9.93358,0.206855,0.529912,13.6015,29.0172,27.0487,0.468738,15,1.93448,5.16667,0.344444
208,135.539,106.135,609,744,0.818548,0.783057,27.8461,0.679378,0.41658,23.0868,39.6232,90.3697,0.582658,40,0.990581,15.225,0.380625
209,6,6,2,2,1,1,1.59577,0.698132,0.698132,1,2.23607,10.1966,0.447214,2,1.11803,1,0.5
210,15.0711,13.6766,6.5,10.5,0.619048,0.907475,2.87681,0.436682,0.359613,2.82843,5.38516,12.0655,0.525226,5,1.07703,1.3,0.26
211,11.0711,11.0711,5.5,5.5,1,1,2.64628,0.563889,0.563889,2,5,10.0848,0.4,5,1,1.1,0.22
212,51.6985,45.271,107.5,128,0.839844,0.875674,11.6993,0.659141,0.505432,10.4403,18.1108,37.5239,0.576469,18,1.00615,5.97222,0.33179
213,217.38,146.749,782.5,1088.5,0.718879,0.67508,31.5644,0.45661,0.208092,24.0832,64.846,73.2953,0.371391,64,1.01322,12.2266,0.19104
214,122.083,111.449,788,866.5,0.909406,0.912895,31.6751,0.797227,0.664391,26.9258,42.45,107.236,0.634295,35,1.21286,22.5143,0.643265
215,7.41421,7.41421,2.5,2.5,1,1,1.78412,0.571505,0.571505,1.41421,3.16228,9.24891,0.447214,4,0.790569,0.625,0.15625
216,13.0711,12.8929,9.5,10,0.95,0.986371,3.4779,0.718176,0.698733,3.60555,5.09902,14.4478,0.707107,5,1.0198,1.9,0.38
217,19.3137,18.7345,22,24,0.916667,0.970013,5.29257,0.787674,0.741142,5.65685,6.32456,23.2705,0.894427,1,6.32456,22,22
218,63.9411,57.3923,166,192.5,0.862338,0.897581,14.5381,0.633301,0.51022,10.8167,24.4131,42.2194,0.443067,21,1.16253,7.90476,0.376417
219,44.6274,38.5576,86,110,0.781818,0.863988,10.4642,0.726924,0.542631,11.6619,13.1529,41.8057,0.886638,13,1.01177,6.61538,0.508876
220,22.7279,21.6449,26.5,30.5,0.868852,0.952348,5.80869,0.710796,0.644668,5,8.60233,21.1989,0.581238,6,1.43372,4.41667,0.736111
221,21.0711,20.8191,29.5,30.5,0.967213,0.988044,6.12867,0.855277,0.834947,5.65685,7.81025,24.9485,0.724286,3,2.60342,9.83333,3.27778
222,91.7401,63.7844,190,283,0.671378,0.695273,15.5536,0.58686,0.283691,19.105,21.5407,55.737,0.886926,29,0.742781,6.55172,0.225922
223,10.2426,9.88635,5.5,6.5,0.846154,0.965215,2.64628,0.707132,0.658793,2.82843,3.60555,13.1542,0.784465,3,1.20185,1.83333,0.611111
225,8.82843,8.65028,4,4.5,0.888889,0.979821,2.25676,0.671753,0.644916,2.23607,3.60555,10.7628,0.620174,4,0.901388,1,0.25
226,73.598,63.897,248,297,0.835017,0.86819,17.7697,0.763309,0.575347,18.0278,22.1359,67.3827,0.814411,25,0.885438,9.92,0.3968
227,91.7401,69.5943,153,273,0.56044,0.758602,13.9573,0.396967,0.228446,12.3693,28.7924,35.7196,0.429604,31,0.928786,4.93548,0.159209
228,21.0711,20.1977,14.5,18,0.805556,0.958552,4.29674,0.446656,0.410398,5,9.05539,13.6763,0.552158,10,0.905539,1.45,0.145
229,245.48,152.794,477,1545.5,0.308638,0.62243,24.6442,0.256753,0.0994707,38.6264,54.5711,58.135,0.707819,100,0.545711,4.77,0.0477
230,139.012,133.135,565.5,633,0.893365,0.957719,26.8331,0.400923,0.367736,18.6011,62.1691,55.0954,0.299201,57,1.09069,9.92105,0.174054
231,28.4853,24.8313,27,40,0.675,0.871724,5.86323,0.550268,0.41815,6.32456,8.60233,23.6248,0.735215,9,0.955814,3,0.333333
232,14.8284,14.8284,14,14,1,1,4.22201,0.800106,0.800106,3.16228,5.38516,18.9601,0.58722,3,1.79505,4.66667,1.55556
233,18.8284,18.5132,4,6,0.666667,0.98326,2.25676,0.146658,0.141789,1.41421,9.05539,7.65823,0.156174,10,0.905539,0.4,0.04
234,51.1127,38.1771,40,84.5,0.473373,0.746921,7.1365,0.344876,0.192403,7.81025,15.2971,20.6872,0.510572,18,0.849837,2.22222,0.123457
235,23.3137,22.8836,37,38.5,0.961039,0.981552,6.86366,0.887896,0.855439,6.40312,8.06226,29.5723,0.79421,4,2.01556,9.25,2.3125
236,25.5563,24.8438,38.5,40.5,0.950617,0.972117,7.00141,0.783855,0.740752,5.83095,9.84886,25.7666,0.592043,8,1.23111,4.8125,0.601563
237,13.0711,12.8191,10.5,11.5,0.913043,0.980726,3.65637,0.802938,0.772284,3.60555,4.47214,17.0864,0.806226,4,1.11803,2.625,0.65625
238,10.8284,10.5765,5,6,0.833333,0.976734,2.52313,0.56169,0.535857,2,4.47214,11.0565,0.447214,4,1.11803,1.25,0.3125
239,11.6569,11.4787,8,8.5,0.941176,0.984718,3.19154,0.762981,0.739839,2.82843,4.47214,14.0698,0.632456,4,1.11803,2,0.5
240,9.41421,9.41421,5.5,5.5,1,1,2.64628,0.779838,0.779838,2,3.60555,13.1542,0.5547,3,1.20185,1.83333,0.611111
241,11.0711,10.4853,3.5,5,0.7,0.947089,2.111,0.400053,0.358838,2,4.47214,9.04651,0.447214,4,1.11803,0.875,0.21875
243,8.24264,8.0645,3.5,4,0.875,0.978387,2.111,0.676275,0.647359,2,3.16228,10.5677,0.632456,3,1.05409,1.16667,0.388889
244,8.82843,8.82843,5,5,1,1,2.52313,0.806145,0.806145,2,3.16228,13.2096,0.632456,2,1.58114,2.5,1.25
245,17.6569,16.6503,15,16.5,0.909091,0.942993,4.37019,0.67992,0.604609,3.16228,6.7082,16.4104,0.471405,1,6.7082,15,15
246,10.2426,10.0645,4.5,5,0.9,0.982607,2.39365,0.558262,0.539012,2,4.47214,10.0498,0.447214,5,0.894427,0.9,0.18
247,19.8995,15.8863,10.5,15.5,0.677419,0.798329,3.65637,0.522818,0.333208,4.12311,6.40312,14.8649,0.643921,6,1.06719,1.75,0.291667
248,12.2426,11.8126,7.5,9,0.833333,0.96487,3.09019,0.675434,0.628812,3.16228,4.47214,14.0698,0.707107,4,1.11803,1.875,0.46875
249,34.1421,32.0046,31,42.5,0.729412,0.937392,6.28255,0.380319,0.334187,4.12311,14.7648,16.6292,0.279252,13,1.13576,2.38462,0.183432
250,10.2426,10.0645,5.5,6,0.916667,0.982607,2.64628,0.682321,0.658793,3,3.60555,13.1542,0.83205,3,1.20185,1.83333,0.611111
251,15.0711,14.8191,13.5,14.5,0.931034,0.983283,4.14593,0.772499,0.746888,3.60555,5.83095,16.8963,0.618347,4,1.45774,3.375,0.84375
252,13.0711,12.5366,8.5,10,0.85,0.959113,3.28976,0.679621,0.625182,3.16228,5,13.7515,0.632456,5,1,1.7,0.34
253,18.4853,17.5804,16,19.5,0.820513,0.951048,4.51352,0.650538,0.588407,4.12311,7.07107,17.0338,0.583095,7,1.01015,2.28571,0.326531
255,27.5563,23.5115,33.5,40.5,0.82716,0.853214,6.53097,0.761544,0.554385,7.07107,8.24621,27.664,0.857493,7,1.17803,4.78571,0.683673
256,13.6569,13.4787,12,12.5,0.96,0.986956,3.90882,0.830031,0.808518,3.16228,5.09902,17.1582,0.620174,4,1.27475,3,0.75
257,18.4853,18.2426,20,21.5,0.930233,0.986874,5.04627,0.755204,0.735509,4.47214,7.2111,19.5826,0.620174,6,1.20185,3.33333,0.555556
258,26.7279,25.8678,43.5,46.5,0.935484,0.967818,7.44217,0.816924,0.765189,6.08276,10.2956,27.6346,0.59081,5,2.05913,8.7,1.74
259,15.6569,15.3006,15,16,0.9375,0.977244,4.37019,0.805168,0.768939,4.12311,5.83095,18.5053,0.707107,3,1.94365,5,1.66667
260,22.4853,21.8033,30,32.5,0.923077,0.969668,6.18039,0.793027,0.745649,6,7.61577,26.1667,0.787839,4,1.90394,7.5,1.875
261,30.1421,22.2847,23,35,0.657143,0.73932,5.41152,0.582002,0.318119,5.83095,8.48528,21.9471,0.687184,11,0.771389,2.09091,0.190083
262,26.7279,22.8033,23.5,36,0.652778,0.853163,5.47002,0.567915,0.413378,6.40312,8.48528,21.3529,0.754615,10,0.848528,2.35,0.235
263,17.6569,17.0486,14,16,0.875,0.965553,4.22201,0.605284,0.564302,3.16228,7.28011,15.2923,0.434372,7,1.04002,2,0.285714
264,30.9706,28.7597,37,49,0.755102,0.928614,6.86366,0.562138,0.484745,7.07107,11.7047,22.3594,0.604122,12,0.975392,3.08333,0.256944
265,12.8284,12.8284,9,9,1,1,3.38514,0.687235,0.687235,2.23607,5.38516,13.7892,0.415227,5,1.07703,1.8,0.36
266,36.1421,27.4907,33,51.5,0.640777,0.760627,6.48204,0.548722,0.317465,7.07107,10.8167,23.4496,0.65372,11,0.983332,3,0.272727
267,23.8995,23.0684,33.5,36.5,0.917808,0.965225,6.53097,0.791079,0.737017,6.32456,8.60233,25.9295,0.735215,6,1.43372,5.58333,0.930556
268,23.5563,21.8995,28.5,31.5,0.904762,0.929664,6.0239,0.746769,0.645415,5,8.60233,22.4724,0.581238,6,1.43372,4.75,0.791667
269,19.3137,16.2333,14,18,0.777778,0.840509,4.22201,0.667608,0.471636,4,6.08276,17.841,0.657596,6,1.01379,2.33333,0.388889
270,12.8284,12.6503,8,8.5,0.941176,0.986113,3.19154,0.628202,0.610876,2.82843,5.38516,12.9288,0.525226,5,1.07703,1.6,0.32
271,27.5563,26.7055,46.5,50,0.93,0.969123,7.69452,0.819336,0.769519,6.40312,10,29.6478,0.640312,2,5,23.25,11.625
272,15.0711,14.8929,15.5,16,0.96875,0.98818,4.44243,0.878176,0.857538,4.12311,5.38516,19.8234,0.765641,3,1.79505,5.16667,1.72222
273,8.82843,8.65028,4,4.5,0.888889,0.979821,2.25676,0.671753,0.644916,2.23607,3.16228,11.8908,0.707107,3,1.05409,1.33333,0.444444
274,10.8284,10.4721,5,6,0.833333,0.967097,2.52313,0.57294,0.535857,2.23607,4.47214,11.0565,0.5,5,0.894427,1,0.2
275,17.8995,17.1131,17.5,20,0.875,0.956067,4.72035,0.750913,0.686383,4.12311,6.7082,18.9063,0.614636,4,1.67705,4.375,1.09375
276,15.0711,14.7148,14.5,15.5,0.935484,0.976359,4.29674,0.841532,0.802213,4,5.38516,18.9601,0.742781,4,1.34629,3.625,0.90625
277,42.3848,33.9166,58.5,82,0.713415,0.800207,8.63044,0.63906,0.40921,9.05539,12.3693,32.5,0.732084,14,0.883523,4.17857,0.298469
279,19.0711,18.641,23.5,25,0.94,0.977448,5.47002,0.849845,0.811947,5.38516,6.7082,23.9976,0.802773,4,1.67705,5.875,1.46875
280,18.1421,17.7121,18,19.5,0.923077,0.976294,4.78731,0.721015,0.687235,3.60555,6.7082,18.5495,0.537484,5,1.34164,3.6,0.72
281,29.799,25.173,26,38,0.684211,0.844761,5.75363,0.515599,0.367943,5.09902,10.198,19.2778,0.5,9,1.13312,2.88889,0.320988
282,56.2843,51.4104,181,197.5,0.916456,0.913406,15.1808,0.860572,0.717983,14.2127,17.6918,60.5596,0.803348,12,1.47432,15.0833,1.25694
283,26.9706,23.4154,28,36,0.777778,0.868183,5.97082,0.641749,0.483713,6.7082,8.544,23.6328,0.785136,7,1.22057,4,0.571429
284,54.0416,49.0391,131.5,154,0.853896,0.907433,12.9395,0.687147,0.565821,10.0499,19.6469,41.8722,0.511525,20,0.982344,6.575,0.32875
285,97.7401,72.7456,221,336.5,0.656761,0.744276,16.7746,0.524794,0.290708,18.6815,29.7321,48.5406,0.628328,30,0.991071,7.36667,0.245556
286,89.2548,64.0034,184,254,0.724409,0.717087,15.3061,0.564444,0.290245,15.1327,25.1794,46.5875,0.600998,23,1.09475,8,0.347826
287,32.9706,28.0046,42,55,0.763636,0.849381,7.31273,0.672979,0.485519,7.61577,10.2956,27.6346,0.739709,1,10.2956,42,42
288,28.1421,26.0351,31,38,0.815789,0.925129,6.28255,0.574715,0.491878,5.65685,11.4018,20.015,0.496139,12,0.950146,2.58333,0.215278
290,169.782,123.758,771.5,1054,0.731973,0.728925,31.3417,0.632993,0.336329,35.1283,42.7551,106.817,0.821617,46,0.929459,16.7717,0.364603
291,50.2843,44.3216,109,132,0.825758,0.881421,11.7806,0.697277,0.541716,10.8167,17.0294,40.2508,0.635176,16,1.06434,6.8125,0.425781
292,63.598,45.3265,92,141,0.652482,0.712704,10.823,0.562721,0.285832,12.6491,17.4642,34.6235,0.724286,18,0.970236,5.11111,0.283951
293,46.2843,38.0622,75,100.5,0.746269,0.822357,9.77205,0.650554,0.439951,9.21954,13.4164,36.3155,0.687184,15,0.894427,5,0.333333
294,14.4853,13.5208,3,7,0.428571,0.933414,1.95441,0.206219,0.179671,2.23607,6.40312,7.43243,0.349215,6,1.06719,0.5,0.0833333
295,29.5563,27.282,44.5,52,0.855769,0.923049,7.52723,0.751309,0.64013,7.28011,10.0499,28.9521,0.724398,11,0.913625,4.04545,0.367769
296,29.5563,27.5461,43.5,48.5,0.896907,0.931985,7.44217,0.720409,0.625745,7,10.7703,27.0266,0.649934,8,1.34629,5.4375,0.679688
297,20.7279,18.8389,20.5,25,0.82,0.908866,5.10895,0.72586,0.599587,5.65685,6.32456,22.5186,0.894427,6,1.05409,3.41667,0.569444
298,48.2843,45.7954,141,150,0.94,0.948454,13.3988,0.84486,0.760007,11.3137,17.4929,48.3644,0.646762,1,17.4929,141,141
299,33.5563,31.4336,48.5,56.5,0.858407,0.936742,7.85825,0.616826,0.541255,6.7082,12.6491,25.2423,0.53033,11,1.14992,4.40909,0.400826
300,33.5563,29.7858,54.5,63,0.865079,0.887637,8.33016,0.771945,0.608215,8.06226,10.2956,34.0506,0.783076,10,1.02956,5.45,0.545
301,58.7696,53.1198,171,192.5,0.888312,0.903866,14.7555,0.76154,0.622159,13.1529,20.6155,50.4596,0.638012,19,1.08503,9,0.473684
302,21.8995,20.9946,26.5,30,0.883333,0.95868,5.80869,0.75551,0.694365,5.38516,7.81025,23.0784,0.6895,6,1.30171,4.41667,0.736111
303,26.7279,25.7634,37.5,40.5,0.925926,0.963913,6.90988,0.709961,0.659646,5.83095,10.6301,24.3167,0.54853,8,1.32877,4.6875,0.585938
304,48.8701,37.1341,67.5,91.5,0.737705,0.759854,9.27058,0.615131,0.355163,8.94427,15.0333,30.7095,0.594964,13,1.15641,5.19231,0.399408
305,19.6569,18.8929,23,25,0.92,0.961137,5.41152,0.809729,0.748014,5,6.7082,23.9976,0.745356,3,2.23607,7.66667,2.55556
306,54.8701,43.7374,80.5,103.5,0.777778,0.797109,10.124,0.52881,0.335997,8.48528,19.3132,28.0755,0.439351,19,1.01648,4.23684,0.222992
307,40.0416,35.1104,74.5,86.5,0.861272,0.876848,9.73942,0.759441,0.583906,9.43398,13,36.6184,0.725691,12,1.08333,6.20833,0.517361
308,85.4975,54.9829,122.5,178,0.688202,0.643093,12.4889,0.509203,0.210591,12.083,22.2036,34.3045,0.544193,22,1.00925,5.56818,0.253099
309,10.2426,9.88635,5.5,6.5,0.846154,0.965215,2.64628,0.707132,0.658793,2.82843,3.60555,13.1542,0.784465,4,0.901388,1.375,0.34375
310,193.137,120.048,804,984.5,0.816658,0.621568,31.9951,0.701062,0.270854,32.0156,47.1275,99.2239,0.679341,47,1.00271,17.1064,0.363966
311,9.65685,8.89292,3,5,0.6,0.920892,1.95441,0.476697,0.404259,2.23607,3.16228,10.5677,0.707107,4,0.790569,0.75,0.1875
312,52.6274,38.0748,55,92,0.597826,0.723478,8.36828,0.476758,0.249545,10.6301,14.4222,27.9231,0.737068,16,0.901388,3.4375,0.214844
313,37.5563,36.9772,97.5,99.5,0.979899,0.984579,11.1419,0.89608,0.868656,10.2956,13.6015,44.0354,0.75695,3,4.53382,32.5,10.8333
314,14.2426,13.0777,6.5,10,0.65,0.918207,2.87681,0.477597,0.402663,2.82843,5.38516,12.0655,0.525226,5,1.07703,1.3,0.26
315,12.2426,11.8863,7.5,8.5,0.882353,0.970898,3.09019,0.667074,0.628812,3,4.47214,14.0698,0.67082,4,1.11803,1.875,0.46875
316,37.799,31.3431,51,66.5,0.766917,0.829205,8.05824,0.652373,0.448559,8,12.083,29.3438,0.662085,12,1.00692,4.25,0.354167
317,24.4853,24.016,39,41,0.95122,0.980835,7.04673,0.849713,0.817456,6.08276,8.544,29.3867,0.711934,4,2.136,9.75,2.4375
318,49.1127,42.0485,84,113.5,0.740088,0.856164,10.3418,0.597018,0.437624,10.2956,17.0294,32.4775,0.60458,18,0.946077,4.66667,0.259259
319,69.9411,55.7726,162,215,0.753488,0.797422,14.3619,0.65446,0.416159,14.5602,19.8494,51.0787,0.733533,20,0.992472,8.1,0.405
320,9.65685,9.47871,3,3.5,0.857143,0.981552,1.95441,0.419597,0.404259,1.41421,4.47214,8.03987,0.316228,5,0.894427,0.6,0.12
321,88.0833,72.5403,309,359.5,0.859527,0.823542,19.8351,0.737921,0.500474,17.4929,28.2312,65.8107,0.619629,29,0.973489,10.6552,0.36742
322,33.2132,31.6479,69.5,74,0.939189,0.952872,9.40692,0.871976,0.791723,8.94427,11.1803,38.5,0.8,4,2.79508,17.375,4.34375
323,14.4853,13.0777,6,9,0.666667,0.902826,2.76395,0.440859,0.359341,2.23607,5.83095,10.4601,0.383482,6,0.971825,1,0.166667
325,76.0833,59.8769,120,174.5,0.687679,0.786991,12.3608,0.420604,0.260503,10.2956,26.0192,30.1279,0.395693,25,1.04077,4.8,0.192
326,61.1127,51.1877,152,189.5,0.802111,0.837595,13.9116,0.728991,0.511435,13.6015,19.105,50.087,0.711934,20,0.955249,7.6,0.38
327,23.0711,22.2847,29.5,32,0.921875,0.965915,6.12867,0.746481,0.69646,5,9.21954,22.7578,0.542326,6,1.53659,4.91667,0.819444
328,82.9117,49.1499,89,169,0.526627,0.592799,10.6451,0.462971,0.162693,12.0416,18.6011,33.4865,0.64736,27,0.688929,3.2963,0.122085
329,29.5563,25.3643,37.5,46.5,0.806452,0.858168,6.90988,0.732479,0.539436,7.61577,8.60233,28.6458,0.885316,7,1.2289,5.35714,0.765306
330,41.2132,32.4875,43.5,59.5,0.731092,0.788278,7.44217,0.517925,0.32183,6.08276,13.8924,23.2692,0.437847,12,1.1577,3.625,0.302083
331,65.0122,53.0708,168.5,201,0.838308,0.816321,14.6472,0.751794,0.50098,15.6205,19,54.7435,0.822132,20,0.95,8.425,0.42125
332,28.4853,27.3099,43,48,0.895833,0.958738,7.39928,0.724498,0.665943,6.08276,10.7703,27.0266,0.56477,6,1.79505,7.16667,1.19444
333,19.3137,17.6989,17,21.5,0.790698,0.916391,4.65243,0.681971,0.5727,5,6.40312,19.3243,0.780869,8,0.800391,2.125,0.265625
334,8.24264,7.81256,1.5,3,0.5,0.947822,1.38198,0.308826,0.27744,1.41421,3.16228,7.92576,0.447214,4,0.790569,0.375,0.09375
335,17.0711,16.4628,16.5,18.5,0.891892,0.964371,4.5835,0.76504,0.711496,4,6,19.6442,0.666667,7,0.857143,2.35714,0.336735
336,12.8284,12.6503,10,10.5,0.952381,0.986113,3.56825,0.785253,0.763595,3.16228,4.47214,17.0864,0.707107,3,1.49071,3.33333,1.11111
337,23.8995,23.1131,35.5,38,0.934211,0.967097,6.72309,0.835066,0.781018,6.08276,8.94427,26.4275,0.680074,5,1.78885,7.1,1.42
338,35.5563,33.5184,67.5,78,0.865385,0.942685,9.27058,0.754998,0.670933,8.544,12.3693,34.8082,0.690742,10,1.23693,6.75,0.675
339,22.4853,21.6989,31,33.5,0.925373,0.965027,6.28255,0.827362,0.770504,6.08276,7.61577,27.3226,0.798706,4,1.90394,7.75,1.9375
340,26.1421,21.5066,23,32,0.71875,0.822679,5.41152,0.624877,0.422917,5.83095,7.81025,21.8309,0.746577,9,0.867806,2.55556,0.283951
341,32.7279,29.9508,49.5,55.5,0.891892,0.915147,7.93885,0.693421,0.580735,6.08276,12.53,26.7524,0.485457,10,1.253,4.95,0.495
342,12.8284,12.8284,5,5,1,1,2.52313,0.381797,0.381797,1.41421,6,9.42857,0.235702,7,0.857143,0.714286,0.102041
343,9.65685,9.47871,4,4.5,0.888889,0.981552,2.25676,0.559463,0.539012,1.41421,4.24264,9.45486,0.333333,4,1.06066,1,0.25
344,66.5269,51.7618,148.5,180.5,0.822715,0.778058,13.7505,0.696494,0.42164,12,19.6977,45.4284,0.609208,18,1.09432,8.25,0.458333
345,16.4853,15.6251,13,16,0.8125,0.947822,4.06843,0.669124,0.601119,4.12311,5.83095,16.8963,0.707107,6,0.971825,2.16667,0.361111
346,21.6569,19.6344,8,12.5,0.64,0.906614,3.19154,0.260774,0.214343,4.47214,9.05539,10.3942,0.493865,10,0.905539,0.8,0.08
347,120.953,106.282,646.5,717,0.901674,0.878704,28.6906,0.719213,0.555319,23.7697,42.0595,89.416,0.565146,40,1.05149,16.1625,0.404063
348,33.799,28.4667,40,54,0.740741,0.842235,7.1365,0.620292,0.44001,7.07107,10.2956,27.1419,0.686803,8,1.28695,5,0.625
349,12.2426,12.2426,9.5,9.5,1,1,3.4779,0.796495,0.796495,2.82843,5,14.6667,0.565685,3,1.66667,3.16667,1.05556
350,51.9411,43.5711,102,123.5,0.825911,0.838856,11.3961,0.675169,0.475103,9.84886,17.4642,35.0773,0.563944,13,1.3434,7.84615,0.60355
351,13.8995,13.8995,11.5,11.5,1,1,3.82652,0.748014,0.748014,2.82843,5.38516,15.5128,0.525226,4,1.34629,2.875,0.71875
352,9.41421,9.41421,3.5,3.5,1,1,2.111,0.496261,0.496261,1,4.12311,9.65603,0.242536,5,0.824621,0.7,0.14
353,40.0416,29.6251,42.5,59,0.720339,0.739858,7.35613,0.608525,0.333101,7.81025,11.6619,26.5739,0.669723,13,0.89707,3.26923,0.251479
354,16.2426,16.0645,15.5,16,0.96875,0.989032,4.44243,0.754757,0.738292,3.16228,6.32456,18.0149,0.5,5,1.26491,3.1,0.62
355,114.711,81.0967,223,347,0.642651,0.706967,16.8503,0.426097,0.212964,15,35.8469,39.2606,0.418446,34,1.05432,6.55882,0.192907
356,16.4853,14.8929,12,15,0.8,0.903407,3.90882,0.679878,0.554879,4.12311,5.38516,17.2365,0.765641,6,0.897527,2,0.333333
357,21.3137,19.0095,16,21.5,0.744186,0.891889,4.51352,0.556404,0.4426,4.47214,7.81025,16.8056,0.572598,6,1.30171,2.66667,0.444444
358,46.2843,38.946,80,102.5,0.780488,0.841453,10.0925,0.662786,0.469281,11.1803,14.5602,36.4897,0.767869,17,0.856484,4.70588,0.276817
359,15.0711,13.8863,10.5,12.5,0.84,0.921391,3.65637,0.684263,0.580913,3.16228,5.09902,16.2537,0.620174,5,1.0198,2.1,0.42
360,19.8995,19.4985,22.5,24,0.9375,0.979848,5.35237,0.743689,0.714017,4.47214,8.06226,19.7149,0.5547,6,1.34371,3.75,0.625
361,20.1421,17.8771,15,19,0.789474,0.887545,4.37019,0.589806,0.464612,4.12311,7.28011,15.2923,0.566352,7,1.04002,2.14286,0.306122
362,47.6985,36.1486,71.5,90,0.794444,0.757855,9.54131,0.687597,0.394918,9,14.1421,32.4374,0.636396,16,0.883883,4.46875,0.279297
363,32.6274,27.4071,44,52.5,0.838095,0.840003,7.48482,0.736099,0.519394,7.07107,10.198,28.7623,0.693375,8,1.27475,5.5,0.6875
364,55.4558,51.896,164,180,0.911111,0.935808,14.4503,0.765219,0.67013,12,20.2237,49.2446,0.593362,14,1.44455,11.7143,0.836735
365,50.6274,46.8956,135,147.5,0.915254,0.926289,13.1106,0.771399,0.661869,10.7703,18.2483,45.3463,0.59021,19,0.960436,7.10526,0.373961
366,31.4558,28.829,48,57.5,0.834783,0.916492,7.81764,0.725756,0.609605,7.81025,10.198,30.152,0.765858,11,0.927094,4.36364,0.396694
367,60.7696,49.3098,106,138.5,0.765343,0.811423,11.6174,0.547834,0.360698,9.43398,21.095,32.7775,0.447214,22,0.958865,4.81818,0.219008
368,19.0711,18,16.5,19,0.868421,0.943838,4.5835,0.639954,0.57009,5,7.07107,18.4624,0.707107,5,1.41421,3.3,0.66
369,21.0711,20.5366,28.5,30,0.95,0.974636,6.0239,0.849173,0.806643,6.32456,7.2111,26.3348,0.877058,0,inf,inf,inf
370,50.2843,37.7128,50,85,0.588235,0.749993,7.97885,0.441775,0.248494,8.94427,15.6205,23.9443,0.572598,15,1.04137,3.33333,0.222222
371,11.6569,10.8284,7,8,0.875,0.928932,2.98541,0.7502,0.647359,2.82843,4.24264,13.6563,0.666667,3,1.41421,2.33333,0.777778
372,66.4264,57.2584,194,229.5,0.845316,0.861982,15.7165,0.74359,0.552497,15.5563,21.095,52.6199,0.737442,20,1.05475,9.7,0.485
373,33.2132,25.9233,30.5,45,0.677778,0.780513,6.23168,0.570332,0.347447,6.40312,9.21954,22.6068,0.694516,5,1.84391,6.1,1.22
374,67.3553,55.7701,145.5,193.5,0.751938,0.827998,13.6109,0.587855,0.403022,11.7047,21.3776,42.0827,0.547523,26,0.822214,5.59615,0.215237
375,66.5269,60.4022,250.5,272,0.920956,0.907936,17.8591,0.862804,0.711251,17,20.2485,72.4446,0.83957,10,2.02485,25.05,2.505
376,22.4853,15.6569,6,16,0.375,0.696316,2.76395,0.307576,0.14913,4,5.38516,14.6524,0.742781,10,0.538516,0.6,0.06
377,10.8284,10.8284,8,8,1,1,3.19154,0.857372,0.857372,3,3.60555,16.7391,0.83205,0,inf,inf,inf
378,104.811,62.8566,144.5,270.5,0.534196,0.599713,13.564,0.459595,0.165296,17.0294,23.0868,42.5605,0.737625,24,0.96195,6.02083,0.250868
379,28.1421,25.1172,34,42,0.809524,0.892513,6.57952,0.677245,0.539479,6.7082,9.21954,25.4803,0.727607,9,1.02439,3.77778,0.419753
380,113.255,78.6388,309,376,0.821809,0.694352,19.8351,0.627907,0.30273,15.8114,32.1403,60.2323,0.491949,31,1.03678,9.96774,0.32154
381,17.3137,16.9127,18,19.5,0.923077,0.976838,4.78731,0.790783,0.754575,4.24264,6.32456,19.8611,0.67082,5,1.26491,3.6,0.72
382,30.1421,28.8438,56,59.5,0.941176,0.956925,8.44402,0.845851,0.774551,7.61577,10.8167,32.8295,0.704078,6,1.80278,9.33333,1.55556
383,7.65685,6.82843,1,2,0.5,0.891806,1.12838,0.269506,0.214343,2,2.82843,7.17062,0.707107,1,2.82843,1,1
384,15.6569,15.4787,17,17.5,0.971429,0.988622,4.65243,0.89164,0.871465,4,5.38516,1.28084,0.742781,2,2.69258,8.5,4.25
385,23.3137,22.3783,35,38,0.921053,0.959875,6.67558,0.878265,0.809199,6.7082,7.61577,1.21852,0.88083,0,inf,inf,inf
386,9.65685,9.47871,6,6.5,0.923077,0.981552,2.76395,0.839195,0.808518,2.82843,3.16228,1.23697,0.894427,2,1.58114,3,1.5
387,21.8995,21.8995,34.5,34.5,1,1,6.62773,0.903984,0.903984,5.65685,8.06226,1.39376,0.701646,2,4.03113,17.25,8.625
388,17.0711,16.8929,19.5,20,0.975,0.989564,4.98279,0.858687,0.840859,5,5.83095,1.30886,0.857493,3,1.94365,6.5,2.16667
389,13.6569,13.4787,12,12.5,0.96,0.986956,3.90882,0.830031,0.808518,3,5.09902,1.53765,0.588348,4,1.27475,3,0.75
390,12.2426,12.2426,10.5,10.5,1,1,3.65637,0.880337,0.880337,3.16228,4.47214,1.38342,0.707107,2,2.23607,5.25,2.625
391,66.5269,61.7692,264.5,288.5,0.916811,0.928484,18.3513,0.871148,0.751002,18.7883,20.8806,1.24949,0.899796,14,1.49147,18.8929,1.34949
392,20.7279,19.3651,25.5,28,0.910714,0.93425,5.69804,0.854501,0.745828,5.83095,6.7082,1.28105,0.869227,4,1.67705,6.375,1.59375
393,16.2426,16.0645,14.5,15,0.966667,0.989032,4.29674,0.706063,0.69066,3.60555,6.7082,2.02894,0.537484,6,1.11803,2.41667,0.402778
394,24.1421,23.4296,26,30,0.866667,0.970484,5.75363,0.595189,0.560573,5,9.43398,2.26369,0.529999,10,0.943398,2.6,0.26
395,23.3137,22.2448,31,35,0.885714,0.954153,6.28255,0.787251,0.716719,5.38516,8.06226,1.49332,0.667947,5,1.61245,6.2,1.24
396,13.6569,13.2268,11,12.5,0.88,0.968508,3.74241,0.790123,0.741142,4,4.47214,1.30657,0.894427,2,2.23607,5.5,2.75
397,15.0711,15.0711,14.5,14.5,1,1,4.29674,0.802213,0.802213,4.12311,5.38516,1.4555,0.765641,3,1.79505,4.83333,1.61111
398,10.2426,10.2426,7.5,7.5,1,1,3.09019,0.898353,0.898353,2.82843,3.60555,1.28147,0.784465,0,inf,inf,inf
399,38.0416,33.1776,69.5,77,0.902597,0.87214,9.40692,0.793422,0.603499,8.06226,13,1.7454,0.620174,9,1.44444,7.72222,0.858025
400,21.3137,20.7793,29,30.5,0.95082,0.974925,6.07651,0.844009,0.802213,5,7.81025,1.56315,0.640184,2,3.90512,14.5,7.25
401,73.0122,58.2009,134.5,195,0.689744,0.79714,13.0863,0.498967,0.31706,13.3417,25.0799,3.20807,0.531967,23,1.09043,5.84783,0.254253
402,10.8284,10.6503,7,7.5,0.933333,0.983548,2.98541,0.775507,0.7502,2.82843,4.24264,1.66053,0.666667,3,1.41421,2.33333,0.777778
403,21.3137,20.5273,29,31.5,0.920635,0.963105,6.07651,0.864854,0.802213,6.08276,7.28011,1.38148,0.835532,1,7.28011,29,29
404,8.24264,8.24264,3.5,3.5,1,1,2.111,0.647359,0.647359,2,3.60555,2.0824,0.5547,3,1.20185,1.16667,0.388889
405,13.6569,13.4787,13,13.5,0.962963,0.986956,4.06843,0.899201,0.875895,4,4.47214,1.17591,0.894427,0,inf,inf,inf
406,25.3137,23.6989,24,27.5,0.872727,0.936208,5.52791,0.536988,0.470662,4,10.7703,2.93834,0.371391,10,1.07703,2.4,0.24
407,10.8284,10.4721,5,6,0.833333,0.967097,2.52313,0.57294,0.535857,2,4.12311,1.87398,0.485071,4,1.03078,1.25,0.3125
408,22.7279,21.8783,27.5,31,0.887097,0.962617,5.91727,0.721964,0.668995,5.09902,8.24621,1.73201,0.618347,6,1.37437,4.58333,0.763889
409,15.0711,14.8929,15.5,16,0.96875,0.98818,4.44243,0.878176,0.857538,4.12311,5.38516,1.39221,0.765641,3,1.79505,5.16667,1.72222
410,12.8284,12.6503,10,10.5,0.952381,0.986113,3.56825,0.785253,0.763595,3.16228,5,1.6632,0.632456,3,1.66667,3.33333,1.11111
411,17.0711,16.5366,18.5,20,0.925,0.968693,4.85334,0.850134,0.797738,5,5.83095,1.2702,0.857493,2,2.91548,9.25,4.625
412,48.6274,46.8319,136,145.5,0.934708,0.963077,13.159,0.779228,0.722747,10.8167,17.8885,1.75772,0.604669,10,1.78885,13.6,1.36
413,21.8995,21.0262,23.5,28,0.839286,0.96012,5.47002,0.667972,0.615757,4.12311,8.24621,1.93578,0.5,6,1.37437,3.91667,0.652778
414,17.8995,17.4694,20.5,22,0.931818,0.975972,5.10895,0.844126,0.804048,5,6.08276,1.31074,0.821995,4,1.52069,5.125,1.28125
415,23.3137,22.7303,32,35.5,0.901408,0.974977,6.38308,0.778303,0.739839,6.32456,8.544,1.61222,0.740233,6,1.424,5.33333,0.888889
416,18.4853,17.9508,21,22.5,0.933333,0.971089,5.17088,0.818954,0.772284,5,6.40312,1.41964,0.780869,3,2.13437,7,2.33333
417,21.8995,21.1869,29.5,31.5,0.936508,0.967461,6.12867,0.825841,0.772972,5.83095,8.06226,1.56798,0.723241,4,2.01556,7.375,1.84375
418,10.2426,10.0645,6.5,7,0.928571,0.982607,2.87681,0.806379,0.778573,2.82843,3.60555,1.38826,0.784465,2,1.80278,3.25,1.625
419,18.2426,18.2426,22.5,22.5,1,1,5.35237,0.849605,0.849605,5,6.40312,1.34515,0.780869,0,inf,inf,inf
420,6.82843,6.65028,2,2.5,0.8,0.973911,1.59577,0.568277,0.539012,2,2.23607,1.3708,0.894427,4,0.559017,0.5,0.125
421,30.7279,29.0219,48.5,54,0.898148,0.94448,7.85825,0.723602,0.645484,6.08276,11.7047,1.96454,0.519685,7,1.6721,6.92857,0.989796
422,10.8284,10.8284,8,8,1,1,3.19154,0.857372,0.857372,2.82843,4.24264,1.54192,0.666667,0,inf,inf,inf
423,8,8,4,4,1,1,2.25676,0.785398,0.785398,2,2.82843,1.27905,0.707107,0,inf,inf,inf
424,12.2426,12.2426,9.5,9.5,1,1,3.4779,0.796495,0.796495,3,4.47214,1.46989,0.67082,0,inf,inf,inf
425,15.0711,13.2268,9.5,12.5,0.76,0.877627,3.4779,0.682379,0.525588,4,4.47214,1.46989,0.894427,1,4.47214,9.5,9.5
426,15.0711,15.0711,13.5,13.5,1,1,4.14593,0.746888,0.746888,3.16228,6.40312,2.04975,0.493865,4,1.60078,3.375,0.84375
427,30.3848,28.8642,52.5,58.5,0.897436,0.949957,8.17588,0.791862,0.71459,7.61577,11.1803,1.74598,0.681175,9,1.24226,5.83333,0.648148
428,26.1421,24.848,31,37.5,0.826667,0.950496,6.28255,0.630941,0.570019,5.83095,10,2.21007,0.583095,8,1.25,3.875,0.484375
429,59.5563,55.2997,100.5,125,0.804,0.928528,11.312,0.412981,0.356057,12.083,25.02,4.04753,0.482936,25,1.0008,4.02,0.1608
430,101.255,80.2231,112,234,0.478632,0.792289,11.9416,0.21869,0.137277,17.2047,37.5899,7.2778,0.457694,38,0.989208,2.94737,0.0775623
431,29.3137,27.4376,29,39,0.74359,0.935999,6.07651,0.484078,0.424098,4.12311,12.083,3.0366,0.341231,10,1.2083,2.9,0.29
432,55.3553,48.3832,83.5,116,0.719828,0.874048,10.3109,0.448236,0.342434,8.60233,21.2603,3.48771,0.404619,22,0.966377,3.79545,0.172521
433,54.7696,46.2788,120,141.5,0.848057,0.844974,12.3608,0.704087,0.502704,10.198,17.4642,1.85888,0.583938,17,1.02731,7.05882,0.415225
434,48.0416,40.7473,102.5,123,0.833333,0.848167,11.424,0.775774,0.558082,11.7047,13.6015,1.33901,0.860547,13,1.04627,7.88462,0.606509
435,19.8995,18.528,19.5,23,0.847826,0.93108,4.98279,0.713816,0.618814,5,7.2111,1.79497,0.693375,5,1.44222,3.9,0.78
436,34.7279,33.282,76.5,81,0.944444,0.958363,9.86929,0.867867,0.797102,9,11.6619,1.32628,0.771744,3,3.8873,25.5,8.5
437,57.1127,51.2538,71,96.5,0.735751,0.897416,9.50789,0.339637,0.273529,9.89949,23.7697,5.0783,0.416475,23,1.03347,3.08696,0.134216
438,400.86,213.06,1363.5,2649,0.514723,0.531508,41.6661,0.37745,0.10663,50.2494,91,4.34551,0.552191,96,0.947917,14.2031,0.147949
439,17.3137,16.129,15,18,0.833333,0.931573,4.37019,0.724581,0.628812,4.12311,6.08276,1.71304,0.677834,6,1.01379,2.5,0.416667
440,72.669,56.5401,64.5,117,0.551282,0.778049,9.06223,0.253546,0.153487,9,26.4008,6.094,0.340899,25,1.05603,2.58,0.1032
441,104.811,95.4546,469.5,533,0.880863,0.910729,24.4497,0.647518,0.537069,18.9737,38.6005,2.3895,0.491539,12,3.21671,39.125,3.26042
442,24.7279,23.9706,37.5,40,0.9375,0.969374,6.90988,0.820131,0.770665,5.83095,8.94427,1.531,0.65192,6,1.49071,6.25,1.04167
443,31.5563,30.0962,50.5,56.5,0.893805,0.95373,8.01864,0.700611,0.637276,6.32456,12.53,2.22792,0.504754,1,12.53,50.5,50.5
444,32.0416,31.0324,37.5,41,0.914634,0.968502,6.90988,0.48934,0.458999,4.12311,14.1421,3.40602,0.291548,13,1.08786,2.88462,0.221893
445,33.799,31.6702,63,70,0.9,0.937016,8.95623,0.789312,0.693016,8,12.1655,1.72892,0.657596,6,2.02759,10.5,1.75
446,27.5563,25.9497,25.5,32,0.796875,0.941695,5.69804,0.475868,0.421994,4.24264,11.6619,3.2459,0.363803,10,1.16619,2.55,0.255
447,36.3848,33.4026,38.5,47.5,0.810526,0.918038,7.00141,0.433621,0.365453,5,15.6525,3.86044,0.319438,14,1.11803,2.75,0.196429
448,16.4853,13.9907,8,12.5,0.64,0.848679,3.19154,0.513595,0.369919,3.60555,5.65685,2.17524,0.637377,4,1.41421,2,0.5
449,66.7696,54.6287,116,178,0.651685,0.818167,12.153,0.488457,0.326972,11.1803,22.2036,34.9506,0.503537,21,1.05731,5.52381,0.263039
450,74.0833,51.5051,67,130,0.515385,0.695233,9.23618,0.317383,0.153407,8.06226,22.3607,22.5573,0.360555,20,1.11803,3.35,0.1675
451,30.3848,25.5709,13.5,26,0.519231,0.84157,4.14593,0.259448,0.183752,3.60555,12.083,11.7525,0.298398,12,1.00692,1.125,0.09375
452,55.3553,43.3123,109.5,134,0.817164,0.782441,11.8076,0.733503,0.449061,11.0454,15.8114,43.6871,0.69857,17,0.930082,6.44118,0.378893
453,28.4853,27.1199,37,43.5,0.850575,0.952066,6.86366,0.632173,0.573021,5,10.4403,24.764,0.478913,10,1.04403,3.7,0.37
454,48.8701,36.2374,67.5,91.5,0.737705,0.741505,9.27058,0.645951,0.355163,9.84886,13.4536,33.8654,0.73206,12,1.12114,5.625,0.46875
455,99.1543,82.1984,371.5,467.5,0.794652,0.828995,21.7488,0.690942,0.474838,21.6333,30.4138,72.1754,0.711299,30,1.01379,12.3833,0.412778
456,7.41421,7.23607,2.5,3,0.833333,0.975972,1.78412,0.599991,0.571505,2,2.82843,10.0379,0.707107,2,1.41421,1.25,0.625
457,26.9706,25.7384,44,48.5,0.907216,0.954316,7.48482,0.834638,0.760121,7.07107,9.48683,29.7715,0.745356,6,1.58114,7.33333,1.22222
458,20.7279,19.7213,24.5,27,0.907407,0.951439,5.58519,0.791594,0.71658,5,7.61577,22.1183,0.656532,6,1.2693,4.08333,0.680556
459,68.1838,57.0764,103.5,199.5,0.518797,0.837097,11.4796,0.399243,0.279762,13.4536,22.2036,31.4905,0.605921,24,0.92515,4.3125,0.179688
460,84.4264,68.1828,115,189,0.608466,0.807601,12.1005,0.310855,0.202745,7.81025,30.5941,26.9204,0.255286,31,0.986907,3.70968,0.119667
461,29.799,25.5767,38,47,0.808511,0.858306,6.9558,0.729972,0.537762,6.7082,9.43398,27.162,0.711068,7,1.34771,5.42857,0.77551
462,155.095,99.1876,451.5,699.5,0.645461,0.639526,23.9764,0.576704,0.235868,30.4795,33.6006,82.5729,0.907112,46,0.730448,9.81522,0.213374
463,212.551,136.268,842.5,1318,0.639226,0.641104,32.7522,0.570157,0.234343,38.6264,48.2701,102.59,0.800215,58,0.832243,14.5259,0.250446
464,1183.39,420.439,7861,12524.5,0.62765,0.355283,100.045,0.558833,0.0705393,106.607,153.219,289.671,0.695781,181,0.846513,43.4309,0.23995
465,216.208,126.479,551.5,994.5,0.55455,0.584987,26.4989,0.43323,0.148256,32.0624,46.6476,72.6048,0.687333,59,0.790638,9.34746,0.158431
466,35.799,33.7768,63,74,0.851351,0.943514,8.95623,0.693925,0.617744,9.21954,13.3417,30.4821,0.691034,13,1.02628,4.84615,0.372781
467,71.6985,66.0008,260.5,288,0.904514,0.920533,18.2121,0.751483,0.636792,14.8661,25.4951,61.6363,0.583095,20,1.27475,13.025,0.65125
468,11.6569,11.6569,10,10,1,1,3.56825,0.924799,0.924799,3,4.12311,17.1631,0.727607,2,2.06155,5,2.5
469,26.9706,24.2978,35,41,0.853659,0.900902,6.67558,0.744976,0.604641,6.08276,9.21954,24.9373,0.659768,1,9.21954,35,35
470,59.6985,50.5327,142.5,178,0.800562,0.846465,13.4698,0.701261,0.502456,12.8062,18.7883,47.0372,0.681608,16,1.17427,8.90625,0.556641
471,93.0122,76.4971,286.5,377,0.759947,0.822441,19.0993,0.615241,0.416155,19.7231,29.2746,60.7593,0.673728,28,1.04552,10.2321,0.365434
472,87.4975,71.143,269.5,345,0.781159,0.813086,18.524,0.669121,0.442362,17.0294,26.6833,61.4206,0.638203,26,1.02628,10.3654,0.398669
473,978.029,412.476,6896,11624,0.593255,0.421742,93.703,0.509343,0.090595,104.484,159.239,237.848,0.656149,195,0.816609,35.3641,0.181354
474,37.799,33.6653,56,73,0.767123,0.890641,8.44402,0.620914,0.492535,7.81025,12.8062,29.0949,0.609878,13,0.985096,4.30769,0.331361
475,55.1127,49.6678,94,121,0.77686,0.901205,10.94,0.478837,0.388897,10,21.095,28.9659,0.474045,20,1.05475,4.7,0.235
476,50.0416,46.4806,120.5,138,0.873188,0.928838,12.3865,0.700897,0.604692,10.198,18.868,39.8324,0.540495,12,1.57233,10.0417,0.836806
477,92.0833,72.2172,171,290,0.589655,0.78426,14.7555,0.412026,0.253422,16,28.6356,39.1405,0.558744,29,0.987436,5.89655,0.203329
478,78.4264,65.2129,221,285,0.775439,0.831517,16.7746,0.653033,0.451521,15.6205,25.4951,53.2721,0.612686,23,1.10848,9.6087,0.417769
479,204.551,146.131,1195.5,1527,0.782908,0.714396,39.0148,0.70352,0.35905,40.1123,53.3667,129.788,0.751637,51,1.04641,23.4412,0.459631
480,112.468,83.5903,333.5,464.5,0.717976,0.743236,20.6064,0.599783,0.33132,24.0832,29.1204,69.8503,0.82702,33,0.882438,10.1061,0.306244
481,117.296,85.5813,414.5,504.5,0.821606,0.729615,22.973,0.711176,0.378586,24.0416,30.5287,81.4423,0.78751,32,0.954021,12.9531,0.404785
482,629.879,279.505,2656.5,5130,0.517836,0.443743,58.1581,0.427309,0.0841405,72.4017,104.785,137.86,0.690951,114,0.919171,23.3026,0.204409
483,17.8995,17.7213,22.5,23,0.978261,0.990047,5.35237,0.900324,0.882492,5,6.32456,23.6818,0.790569,3,2.10819,7.5,2.5
484,224.108,148.565,1118,1475,0.757966,0.662919,37.7291,0.636528,0.27973,39.3192,59.2115,110.779,0.664047,66,0.897144,16.9394,0.256657
485,44.6274,39.6803,81,107.5,0.753488,0.889147,10.1554,0.646464,0.511083,11.6619,14.5602,36.6783,0.800943,13,1.12002,6.23077,0.47929
486,64.5269,57.3597,206.5,234,0.882479,0.888927,16.2149,0.788707,0.62323,13.8924,21.6333,57.502,0.642178,20,1.08167,10.325,0.51625
487,256.25,192.388,1856,2347.5,0.790628,0.750785,48.6121,0.63013,0.35519,56.0803,65.215,163.07,0.859929,69,0.945145,26.8986,0.389834
488,61.1127,57.1495,223,239.5,0.931106,0.93515,16.8503,0.858004,0.750329,14.5602,21.1896,62.8115,0.687139,14,1.51354,15.9286,1.13776
489,60.0416,52.8435,146.5,179,0.818436,0.880114,13.6576,0.659273,0.510673,13.1529,21.4709,42.8959,0.612594,20,1.07355,7.325,0.36625
490,67.598,59.2649,199,241,0.825726,0.876726,15.9177,0.711979,0.547262,17.0294,20.8806,57.5109,0.81556,17,1.22827,11.7059,0.688581
491,26.9706,23.0908,26,35,0.742857,0.856149,5.75363,0.612779,0.449162,5.65685,8.544,21.979,0.662085,10,0.8544,2.6,0.26
492,25.8995,24.5645,33.5,38.5,0.87013,0.948456,6.53097,0.697651,0.627584,6.32456,9.21954,25.5321,0.685994,8,1.15244,4.1875,0.523438
493,32.1421,31.3969,66,69.5,0.94964,0.976813,9.167,0.841359,0.802794,8.06226,12.0416,34.1743,0.669534,7,1.72023,9.42857,1.34694
494,24.7279,23.5432,33.5,35.5,0.943662,0.95209,6.53097,0.759493,0.688461,5,9.89949,23.4303,0.505076,6,1.64992,5.58333,0.930556
495,218.108,165.559,1021,1280,0.797656,0.75907,36.0552,0.468091,0.269708,24.6982,69.3542,85.6443,0.356117,66,1.05082,15.4697,0.234389
496,44.0416,39.6607,46.5,70,0.664286,0.900527,7.69452,0.371486,0.301256,6.7082,18.3848,19.0688,0.364878,16,1.14905,2.90625,0.181641
